Scenario,Year,Period,View,Entity,Value,Account,ICP,UD1,UD2,UD3,UD4,Amount
X18KxDcHlk,CstD2TOdX4,wCo2oQZlKc,RiCqhI6Bxj,8XBYC8UCgM,cP4yndZtxQ,lwJ7B7nQ2R,wc24OHTySF,9ZlTC9w2vv,5qEaTlZwa6,J4113k4LCr,bJuAbPVOOe,58fVfJZbUB
0bclDuySIG,g2tAKK56K5,wpvGyYCnSs,sshy40EsjX,cUn4HuwVRq,TGAijBrCAX,aiRMu7OHgA,yOB63SjAUF,8MKU5TocGz,aX0Agf8wsU,gO76Fb6xok,zpuwPCuxvR,6vRbAr2z25
hc0x3aCA7n,a2XwA6TC3z,lOLaUl9yH7,ESsAlr6lk8,IykdMhnAyq,LDjnp2P0gg,DfDXizqXYQ,1xTMAtqdsr,JJ0P1rv534,7sDj0przXp,zWYimjEgo1,b8zlrKQGkT,w24tbq6bPI
Ul0eBmT9yv,iNpByCdhvp,ifLFM0eU5r,uNL0qDSsia,aHervt4Q61,UMP8zCzWnr,Vl7LFyq4v6,CEjWyyofbv,6klOEPvWyE,sQgkrqufre,eny1wmcNwW,i1JhFxzjcX,JsFP1mEvJx
s9SuRXo50d,MQlPO3tXpw,qD4VNTduoh,YBGyQISP2p,h5GwBPenGj,a23YJghCIH,pXezUeepnf,XRwgRuJOvx,lyxjKp5bZo,2WtqG7pxib,DfsqUpirtn,mt5X71xIez,Gjp8HGNXn0
yKaqFcrg4D,NREetn7Lkq,5wFSj3fFdz,9iuygqIhHL,zG2lwrPl5h,tSAju2hu2N,PXLroW7EEF,BRJKF0oBpu,4ALaDoCo1Q,dh5EykUDLO,rurRK5Ax1y,Y56W70Te2K,CevNW1Ezrl
1LB6WYTfYw,PDO764J2QD,eytsUd1j6q,E0rex9nkNI,z7SiOuWytU,7Rtcl57jmP,MUxFMvdMO2,atIXj9NQDH,y258QoPTky,Gep4GjbgXP,VrrDwyNJo9,xMCRizxEXr,OTzOzXiS3q
euJM6dV4On,Dv1oyxHs3R,LqaVEYM8oE,vvygeE3Bu9,na7BX7uecn,rtl11ngr89,XjyT4twzuk,KcKBOIgFFA,DoiShDhP0r,orMuO72MT1,rvqWLMSzjD,yf3s5OOxHm,ajTs1yamNp
uJMNHIBfa2,rh6yuT6rBR,r15CSkHQB6,1OEJSWSoHq,CpiqF7ci1W,lRxClldoFo,aZJhAapm7c,vwocfePNXj,hxrpmAw1jF,DrWee5pgSS,A2zeHzD9Ko,6GgIaUwP80,4AVC37Aowg
C5nwuVvVoS,hmhaxt1Aop,485AvRftcn,YFgwlEyhBp,soV02yNAI5,zEie7zC1Y0,2dk493f8gP,Wt3N8D6VlI,dwf4GQZKWv,BXQUXWtYCf,Cd4gChWPl2,DTB1wv8iSQ,2rWCfTQnEb
Qe4NMbgMSz,blYowNKmj8,bHv06ZdVLg,of3AXJIiWP,Si3tmMQQLq,fSrRxBNihS,O6ykQwiu0N,qDYG5HgDKS,XpumTO1dRW,mjBqG6QT0V,2aWVIuNdIW,GlRmiQkODB,A9GotTT19f
Otmlrl1NAX,PZVTH31X91,fy4JFYVBYJ,mCOmyEAKYr,xtNKPjf3ZI,Qtws52c55L,iFXMH3hJhb,A3ZfIVU6WN,0RQo3W0SzX,QAZHPeGXMJ,bPD8jUgC9G,5YLKbGAZRZ,NphuKSqbv1
fm1zuYVV8J,TvO1YZsBtK,J2207UVj1B,H7kGSJUYRa,Nu6HQ7Ffj3,7b3KPL6oRD,ocHitTLll8,i7sLwA2wOn,XJLpCLLpzL,rqWXSMlWP2,PiKR4fBmTk,RefPOyMSXP,Uc2gQJzD01
uVaXNgng15,pBemQ2OSdW,Q09nogpo2p,dm53GdIWEG,1xY55CjYmD,1TQzfHWdXL,p7zvVH1X25,PFA0s09yPV,I4SwqRQm2O,nSUTz9ql2c,dnJ3kxgm8n,3Y2kbYliRN,EowKQCl19q
0Nn7qJ4odO,jZRzN9fNfO,wKiNd994ds,9FlukpKCnN,drQYK0LWAl,0O7PUdw29G,IQvsyANp92,i8XwxPiqDS,I3dTjARqtX,VKqB8TjtcS,YJ3Sq9bWdb,YJ3SlAiQot,3LN5wtomQi
8EpTEHSlLa,B49SEJcBfZ,HyZpZwN6qj,KH66KTPwKf,0Q0WCQ92R5,0kCd9d0BAY,7m3rP8FrIk,WimGJ96czn,GLeLVDw3kT,AeU4Zr5XOF,vKlpVbCF7o,BIJq56vyIG,J5VtgPOJjy
S5roAKrQjt,fmhGnCajug,uOyCY2iEex,1BetuwgCAS,BGJFF0U8Ph,r1HQii2wD2,CfSOzFqf8n,Gwp9mvC9yc,36zniYQK7D,M7GExTnRNf,awj4SGsawm,pLZGeAz9XB,BpMp3m4op7
PomIzjeWlO,eYF8zSdxv0,lr3BnocRAj,yw8kdndCTe,iynWF7gaYe,4t3641AU0z,MIhxK4KD2S,bwo5KI7AW3,0dh6HTdswj,vnfpwC0k9G,RtZM8SEnI4,YZmZ53oZFB,Cbo8d1c23k
KW6iWIeKwR,irbIlByR33,BUZ5f7CyhE,CnWta1SRKK,zpJDoo6ga6,IVEIbnZUNB,czVeKIWnvy,KWzLb0mcM0,9j6GaX1YVU,ZCKh2KHxyj,2bX9blzjkP,K8ZJ8xXyQq,vbTKh5SFSq
rEU9EmOnIQ,XjqZiMVAcA,8nRgmMxFTB,z4dSgQrjvg,oBCEy8RdgO,dkh7fVhOBp,qYETNgKx4Q,pZ72j3jMjl,oJLxTpw9zj,8W3d96SrlG,ayoUMlzuCk,SAW1KJyEIo,Ivvss7Q4Zq
Dw5DjbBop2,T7z3vvMQFT,6cTHSYrQs7,wpWPaaaLGT,Qmj2FDheRX,Prqe6R9p0h,b7JN3bgj78,xnbTPCBnjA,d2ovQAmw75,s9c6Wgmwo8,kFjWXpv7gg,p7AzhwPDgu,PVSwGp7bGg
8obeNZtum5,L7OYVdYnWe,7xvQEIxJi4,3Z8XsNCuuW,Pb4dwphi5r,xXP1El0dPJ,hdSxK2bp3L,oY0T7xyndk,lkvXN8OnGt,K7XpIllzHF,PayhIiwXEt,1hXVNmFFFd,wEdkBjQ0LX
KnGjUzS6Ky,VefC9GLCLG,gEbC2aiMJ3,Z5cRtabSTZ,Lgswy6Jndu,Sf7Z0aHUNe,x0l3aTSFYy,p5KTQWWEYQ,eTOR0tpboA,dcbQb7Tl9Z,yt4Ydp6vhA,oxMP3Dvb6n,Pzv7a37JBs
YugTJqgRGo,O2rqrgxjHb,8yKBMBwIxT,MyuXvTEAE3,WZ1dqqOhDG,uMeqfMjaoO,OT4hVn5Yac,ndXvTxTnFN,l9hCLaOFLe,8qKX8zaOe0,eVWduG9pvZ,wzJ7HaufZy,INIAozWSzX
puq4InOJJY,EN89GGruuw,Y5KOYHM90K,82HLsxZwbl,3TK1KuTvdr,Z2uwxpNFZt,CXFwh8qKsh,16b6824fwh,QrECIHkeh5,r0U4g39jNx,TBvR4hgXDn,09cUKNBchr,I4qbVRcZTg
T3emWZQxB8,Ss7I4WTuZV,JjoHLNwUOZ,tqJoQOVnr8,wNAsmnpSrt,5srGWkjn4o,0m6zJm9kCC,HInlE6k60s,VbWySytLEF,HpPzQxOxwa,MrBQIXmTRS,4wRmnBayrN,VdNvSJMldv
w9ZxtoJKi4,dMwSaek272,8wxz6BgPOK,iqI4Z8Z0vt,LNhjtonZE7,dwngTnWVYo,K3rFG9gPEG,SMQPj8zGNr,Xyhgh8ND8z,izGwg6gOYf,v5tI9hYHj1,oOEDQlRRb5,wqPyBJKG9O
5v8yDjGr1w,FZX6u3sCYe,Qqn7Fmgy9f,e68aXMTMxr,TEGXNPIkrR,Yx5aLubNbf,ImM5IN9ryq,grsx5tSpNH,b5q6BLoLId,SFcOvwuREc,p2kiYhNec7,oghKFrw5SO,88K6DxJ2Vx
zgrkBzl9DE,QZqgtWjjMR,RfRqWFgt9D,rqPjGpbeK9,FgnlM2XRRx,0VTkNSNeAs,1wLjKB5gaT,2LB8cBV2N4,lQbTkN2L5V,g7Q7ccYwjw,fFHDy6qeir,nxw1NJteqK,eiZV05kfGQ
1zM3Zp3127,ghFmkDg6TQ,PQzwvAZgor,F5ZbRLXQs4,CqvUMfvKlR,1mwd1NXvFc,1X0zyifLHY,jRu2jpYcqZ,rcArBEHfvO,YPRigK17ys,H9E0sFPjUY,Y8Cqh8yuHC,gEXyX5MN1y
lI04hQ1OSJ,b2t1ba5ymn,H4x7PMoBi8,nuOTytLd0t,FETjQHi9Rt,Zcmnpcs2St,qITqpPuLwa,yQv5b1Lr03,HyXUX4FQOH,b7yB31KX4q,KsdXNG9TKR,k3Q0GTQJCk,BokObiavd2
DbPShlbzyP,G1nRXthPNX,NBezhyqL8M,tYTDhcJWHH,oqIJYyiEhT,J9WolSqSYz,9DB5eBO3m3,9VQFx1fNYs,Aod4bxhs6s,2Vg4R1ZPvt,mArv3HJ3mM,hrDLJYjZ01,8teZuRWpxy
Mt9TDyR0Au,LbyLwOqizD,VlACb1cXJ9,8wqgR1Ou5a,iFHwpXot68,GLJVZqaARr,VSWIHdJ2Yc,GiJY77fopS,nJOJzrNINL,93WQA3OQpu,KnpM956E5k,KuL2IRKU4e,9ssJtRlVum
PLep3SP0gZ,Xkd1QuoGdi,1ZHYFbT9aI,c64qxC9P2m,1q5yIajwWI,pcrZyRhMZT,HqulGGbQsB,lOQZgRErYZ,GFzNVuvnZS,IKfExK5gzY,MizkR6EWNu,QJLXI95nnQ,KE7LzcNhlJ
qLX7Jt1aeY,iriGAzWxG6,MczWfRHc7t,2yUIOEMw3L,64Hfx2419k,0SnIvzH1Qw,HdDYKP2LGn,Uvqr6kelGa,IBMRlE9udK,7rmVuA2XvU,Xv1iCeGa0O,96Bpq8ZaVT,XBBDivkn23
YqamFWoMVD,DI3Z2auNHk,enqGP3063w,U2VyizPygr,LL91b4mggP,GvlvOmba8O,aVy3NkYv4V,FHdvHZ7QKC,pdTR1ygIao,aetByYIzbj,qCZMUtOu0l,1a43xNgxvh,DvmcasuLWb
wUTXrykADj,9DmpbVnfgM,499b0zgDOX,nF5KffcJ7c,GKGQ3HhkkD,yhnrPJHdMK,Ox3iGVmzZp,FUhnqSeWmm,KBoxNWPhL2,g7HHFzlOri,lzTp8nm0NC,AgppLb7ZAG,PDwXX2oGwB
2E2N8Vj1j8,1PQEnsPEhb,g2752CFdei,WNWi0OCOf8,UVgGrzdaxz,o94xweWJt3,uYmWxuafj3,eVRIY0NVwT,s46uQ2p07P,VDi1qb88nC,W2wZwuNkfS,8rXKaDAZE2,KiA3IxKPBB
6ONASZOp9T,B5FSXr4hOV,cRnItl0n1l,Cp6xJjbodB,HcfLKEr6e7,8FL74Z8mjY,3DqnpSBro9,ipBzxjs2Lw,5VXXhYNcBY,SNBCDazMQg,DGLofiJ6jg,bQZinoxlQs,W2KRkPVpeE
KFWyb9sB1e,3AM0A4g4P3,4ULnxZj1QK,OOADBaw52j,uQIRaJMUU0,3S5ivWJWdQ,HR0yL9X9wu,FAB3AJPqsh,NyHaNpXHOy,Z5Azu9I0mm,G0iL59MflT,X95XMYg1Ir,k8NXDIaryk
KKkBjc8RiR,CqyXc7QNSR,2wYXuTTvUG,S0vTGzmxuc,AqhUGez3Xr,uIKvqnNxnz,NI0cbnC55y,KhA78DcFqQ,6uylhYUG5n,kkBqfSNRrE,U7xj4Tp38F,kCvuEh1dx8,NSKW3hnl8z
AP5f8EiPZG,VAbKxxbvdH,6DhhCNVA3z,y09dDIRB4A,gNQOw1r4nP,wk81bLbq07,jJh27RKEEv,4tcfvDFQV9,FERXzcukWb,pAbQoCIrcB,lTIX3uC9Fb,1bTdBP4SAd,cGT0g9LAYa
LfJyWs9nSc,CW9YFb0nay,nc2wu5R7BT,u2KxfPjlqr,XiX7859xsU,JuLzhPLK4n,HTpsqqNPiT,qKYvC47mYq,zdaihmnNK2,nfL3YyAkif,mgnCHYkyqx,iFRum27zDD,s4gZ4fiEr8
pB2VmHwYTK,MERNkgtS78,2Qm1TX1Rhh,47B0TgdtYS,JoMWRg0x8V,EqQcHQWzlY,BefpWfFj9G,WmgHCo7whC,AA6FdqA3kE,btv92ll7no,mw6bKOztCz,v9ODGCv73i,fc9mCVO1Ah
dB25uJTHut,9WmU9uis9v,vT3CUDnIsW,K17xgRQAOn,1opOk2TSAp,VORsrnPq1s,2ryb6x5Duz,fkczAasJRE,eTJSdTIu0L,rl4MM4DhSp,oVbTBERxii,ViqoP1a4S5,vAInLnOA6s
0f5tAvZUeu,3x8j7REiou,jgWTJQ9p7E,UEnPmpBdge,NAXNQh2Zew,hTvszkuoY6,ybXmUGmlP3,S8ZTLaWvbj,52KEOx9hfZ,8Qj7iVGt58,GAIVRudErt,FWSs8eApd0,jt5RyO4UpE
vHrAuyHL3c,7n6OpcaAul,gnC5lAJqM6,FpMimdSSBj,hnyuAZC75L,ad0ZWJ5f8r,npigK7tQO4,RVC64PdQXQ,k2wqg5bzIl,slrSCctG9J,1LQgChEdCk,dfmKsyRGdn,YCCZ6Cep2u
dy72CcySht,1uudZyGNNq,noJFjmswmg,rtOSqKvOOi,GGB0MJVNsh,8xMg2BFwJN,Cze9fO5NGF,7GJn4XjL0J,PQi74sdSBU,S1ec91Tp6z,D3laEdiiRm,NycKd45YvH,sDcGeVZ0at
f9TbseRSF3,7aCuakFwjM,PZ6pxE417r,2I6hB7j6uT,EYhJd66LYu,Hb64uI1Al0,iOF029KSOj,fl3ykCl5eB,X17d3dEP6M,C3mtA8YNkx,ncJeAew8xY,Gi1p5Kyfck,QPwBVDqYIa
lAWbHgAUgK,8qOhyvx9cq,REswT6U80w,KDxpvrRwrE,leenRv3UxX,fG4xP8UILJ,uXwTW7j2SF,77dCgvrlRZ,AiweCr8a0S,a2PhHojIOh,jLG6iiCrsj,VIgI4eXhGs,qyBcH3zzZT
MQzygbabah,CKLPM6BCb4,kFUAQsc3Bk,f7DAyWf75l,KOXqdBcLSS,d1wLTSZTSP,lQEJg0RdrJ,E83AeJ0WZx,adcROaXAQa,i8ZO5eWOMt,g7aJsZT47T,z63FUk0fJh,HgrqtNY8tw
CUIxbMFHR1,n7RNMWdInO,aZ5ER22Ilr,SUI1gGQ2pz,5PH3CxvPMR,TRm4MBoLvc,o6NqdndLQu,ZZQrY46dL5,3eLHVS9Otr,YDj7QepaUA,df1Y1c1BrR,ddV2Jzm21Q,os0fldQFSO
1g4a6LqzFV,SpgrHzemzv,KSGIiYMH1T,33yufjkYHS,EHqX6ZGhq1,6CiPWjaPf1,5s7GBxQvnj,jKtpNjf9rQ,AHJFH51o9J,ya0u8oXcmj,a5nuz8Fcyl,Yijb0MSPXM,J1RAvRrXiT
XGFJjA7cv4,OZ21yf4UWH,oBM4wp0sDp,Pf8z8HjTEG,cVSgw7Kswp,tf9AZ6bCbN,k0vrQkwXvl,LrYjMsbGyM,nQQnMDp5IR,8jl0pYPkoY,cyLbmQKbm7,7yMby137Gf,pRrAKnghAf
7yGNtrIbIo,SvbC9xI7pq,3xF6kDAGDC,LTQALsWUEn,6gKA5dyoWl,d0o8Rmq77O,d9BQrfQSem,fLYWqxSoZy,nygpA33Rv7,PTm5HVKIIh,hDOexDeZmE,eloEyZmYlo,2oPWoSSvJY
ix9Bmu8kug,KKywdJu1XI,ylZtbElXnY,2sBzQN29Ns,ICIrnkPlk8,2GYlBhzNZA,60oiQOrHBg,7ZgKU4qicU,D03COy2lKT,VmdSH5wbcm,DojQtVIlPp,VFVZ2tOPw3,bYK1MvqCly
sxs1YWUNHG,1NA0FlHO1f,RL7asdi8oF,Vx0Bf7sSyQ,IZcyyPQIwI,ptpkTpi9RX,7SRhqUerZU,Eu8U5OIAha,8MryoHLA0G,bvA8MHwcSS,Pu39paO96L,yWMf5iWzeS,zz4kHKrFMn
VxWqhesIQF,XON30Mnq6G,1jeM4DNXRC,ILRg6eAWfQ,gUi44sij4V,SHtDfBwi6C,PCAP5DinKS,mRpR3KqJGs,ACyY3hz7Yp,OocqO2l2fw,87RBecvoaO,6o0fbOQsuf,RUwkdtSaN2
pHK4m9S3tX,fqzDZvjLLJ,DHO7fAadd0,ZWb6WmWNjn,SI9rgaCU3x,TkvSk7Z8g2,Vdy6Y4Ph0U,sRPFhfOXuq,dDBXy5X5ou,5J0x2BScXU,DUuBi0Xecz,vD00s9Zhpg,V1iC4PWgi5
ApTKeKBzuc,2mLgAkflYo,sAgW6qZbUn,ZXqEbq5zDd,kqnqFVn1b9,yOxJuRszDo,jjbNEb2p5K,25XrRS76nP,sNhBVp7Pru,IQFDbx2voN,sbkdUYWJ34,FVoaMFcTde,xeG8qXqvhE
1P8ZggUS7P,pypgHnDUQn,AGlOSVPXUe,9IlCUaerMG,ZohMu4Jdxz,hDG3v2TCGR,quvxfDT2lu,uG9y15ITan,tCl2UMg8HZ,oKtIYbpYfV,BQdWlQrjPS,zQB0MlXtlB,HxeP3PQPAv
RoDhDfnuYZ,51iTEzMIl0,s45EuQdPPz,Z4apUdi00y,Pa2bX2uwJX,JWBX1Zf0la,1H0mM9oOlz,U5Yu7hcEJ1,odFeCjqyvk,QbhH615Xms,NWsKjbnMFN,kHYHuGAf8y,MfZlVDEMea
y8EzVODkbl,tCnZP9jRgE,txR4DCNieZ,rDSeEQf1bM,4tZJbFYpIX,GCP6XmfCKZ,QcIckpKdit,WTseSawGWA,bgLLdGEN4V,UXnA6wUBzY,uq5Jt7412V,WMU6MSmI44,a0lEFPOh53
2XjxtSxjjd,B3dBmIFhrg,ChaZDe6o7n,IWhZHoU07y,UqbH0kglL6,SeQsVZeQpp,0cikMyhVgk,U8PYrDHYqv,hbhm4pyFg0,mYpM4S6B3l,rC6M5esoz1,sIkc76V3E1,UapIuQA4qm
3cPPEFsz3n,zaDQralcmk,6Pr8KA1vI4,MXyqOD74Xw,6kFinpRkcS,W9GGo9npGI,qwJRIy8ETD,TgzrqoGwKF,C3VIr4f65F,Ne5Om0GqAU,JEwWL7TfDM,n99yjoxG7H,lhlIIcMD1P
UzbB6E2njx,Y4WjUOYcQk,9xUPXMIJy6,GhxreYEplS,MvSFRKYG0k,P20ALhqe4r,xMXnzhdmsQ,8VJmu6TUro,Z7rfpdKwfH,MxUqCBTBPk,NdheAdx98L,7K2dZV97pB,P6zuGNXl0f
GXPr3Q0wbz,Os5S1p9gwv,O5DUQRCerY,9JmGrVoixL,uoNeFo1nqZ,6rjJuM8Q4e,eGZmxmneXg,pXLvemRQ24,oTaXPxVMOm,9WPFGXMgox,n44iH21CPZ,nGTDzkK8Cp,AkyPWrXrWQ
AdZ7OSR7pI,H0C2tBJMHh,abE1tdChSa,8Zm2nqJjo9,Otm64U7RsZ,JqoZpR29Rt,b6S0njLec7,hjyc564nA7,8kWh8B5ams,2q0U4uT2SD,6XtyRQxPJn,q0IfO2rqzZ,mPScmHW7UR
mBtrfiYa0r,jqpOW501mJ,SZSBpdqflt,TrXCvDwXWX,yoIe8XaACC,zgOXmZSL9I,9IdBPj7fyB,ASVk1lgZCA,Oe6dwcDUEB,Nbp6JAFEPj,qBXcx778D9,LGFBDtzGd6,qRgbq6SEva
coomynSRre,ZO6VRfLsEi,ijbxD7RNFL,8S6MwUVn6A,MAH58WqRJ6,mdCKs53vsP,1bQhrgyJUC,YU7tTOECl0,x64L9F1gWj,xKPDdNPZ2j,I9kFaKNW8m,WYwzj72Vqr,7B9cKnaHLd
aCm6neLoch,r5Gteaayji,gKaNaQ4amX,295PByHxH5,ieLly7ujrG,UKYoEQPl7s,0dFkASoOGw,dcbIvax8rO,Fmti6PuuUa,kpS3wFElxx,ONewwMxztY,X8REzS4Tlk,gmPYdncIvZ
LyIdFQVxs7,KiET9VeIzx,zWphq2elzQ,X8OE7s5GPq,edKs3voLem,YTEL3ZmVOB,HEXfPTjS0c,orRRKcRnaz,kj5DQi5c9e,4JcsLHUwVH,123jUYyeZ2,tdiawDcH3r,2NXDcdziAT
Pg9tqkTHTU,9TcIx0yCRu,DW46NiXaC1,uS8ANQeWLK,uHjVFKOceb,IAJpdFyrsD,wTj4MIVJNB,TTKFiXHi8A,G6J7iebeGe,gduoOg0O4x,TN9vVRM2yH,vwIIBBbjYF,eJeF8xAjzQ
mFy1D7q49P,iOzHFEBbqV,vDkb9fOP3w,dBWym6IVDQ,OSBcquqJAe,2n0XUprrOB,E4z9TRsDZD,LmkW6uXpGJ,CQ3yer6ZRk,vv5gH7oSzz,yIv8Z0wQ1Z,3hjAhBPM9r,Bl0brwdXvl
4kEoi6tepz,fQAnq2burz,n27hx97PyY,Tb7VzG55X5,q607eqdWU7,rl9DLXUGvL,o3GbxJEPRT,aa8ZVh99ON,99FlRJF1ys,4mANRvn0F5,vvpXBiIP9h,yQGEx3oUOE,3TbKHcVmsX
MHI2BqTwRg,JYCaediDMW,L8iTAKvLwS,epqoourMf4,HGJFTNdLCs,ZLjXFVCn4H,udnXyMEKX3,uVxbYs76Co,3Orl6c3CjX,YvG2Ah7wWo,uYFZm3Yia7,GV3seTzKw8,oCA74fmYu0
7G2ctUxu0r,zK2AIKmZOD,TTnrCUuOGR,FUkDhmkLlj,xq4JiyEi0H,4Ihui7GS3z,f0oauPv6t4,XNu9gmcT4h,AlRgTheB7s,I77xz6bCX6,mqN83byikM,FkBodggyYX,R2H9QpTJeu
lZg1aDKqBI,YqwNvxikIU,YOc4YDCroS,g9EZNKPnU2,btn5WHrhK8,OCUPhQlGJ3,Z57zcKvmbO,C4phSFR4ps,1vDHM0kwVJ,uwfseB25Nh,scsLLa9F0I,JFsNBj7XfE,4SkhTpvxzZ
jSqQVQt5Bn,xZRC07lZmi,51q4GzHwrZ,u0kFOyYiId,K6xLH1Ncur,O3CnJLgjqi,eREGEUiDQC,S6ROJLpbnF,IV5JYCvQwK,SvI0qhqm6S,vnlxdkcTgE,g7cew4RPLi,HGNyyo8mFV
iezzBtkIN6,eYheMjkdcr,RfCcZw7m0t,ZlVKz99RgT,kZTyH73NXa,dov4aB3gsV,kc4khgm0ci,BKLeasxxPA,3Pma1qCsk3,tvMW7gXJem,AG6AjZEU96,YXD7GXTJkZ,pbU1lpEKDw
5B3s0qSGF7,hR2QHmvZLf,shGWEEIeti,tQvHhIozIJ,QM1y9Tvqnb,8Cs5qJTSEy,HI0iNEiPT4,tHfCMC0n2m,x6fJpDMijf,3IvskfzqGC,3m0f2aiJ3h,W1SXx6sjyL,DLDUmIdK2Z
iiU3azgegJ,4s7FC7fNHS,rj80pFs0Ix,cy6ew2konk,EeGNeVUCMb,0LT1NpQDkX,szAqzZrSts,pcaKeMraXb,BYVSwHOUjk,KYsPJIJKjX,kWEvqJrP09,HwC07R3tLD,RIfXsB6lDF
xDkp9TVPeS,tncIhH41La,iBqRk3fosI,vJSAJ11MBa,wvIKLKLW8b,F0k0aZNIYe,v1XUzjkA7G,IkUq5dsPZP,SnKZwRGtL2,4hCToXaxmP,zvXthwgZGW,Lzd61rVn96,Br1jue6AvH
hjmZZMeXHM,JJ86iUZg29,Aoe2dVyAkM,oHR3CyKaP7,quueMZPhxT,yz3QD2NCq2,rUfahkk4y1,j2nNg5QVXg,NDzNvma7RT,x4Rx2ZM3ze,QVxJtlf93q,aWRGfiHbax,oJ6PINeW8t
mD8tUMtO4y,pZzFvq546k,8GebIRNvpD,qGElqjQlXk,m5RGNdU7wM,jJ3dCT9GHt,llHAXgVDGM,wvZcD9etaU,heQcT1qP1w,xZNR7dawqt,XfbaKVcpUy,WmETEKjt6D,ann8C8orp4
EuDoe5kkrX,tylpnlKZv3,u6WM7jZXmM,ow5eqAQOaZ,YaHc0ISQEU,AxtIFqRP8c,hNpr96FudW,GfSwJjEI9Y,UqjgWjyJVK,JwH9XhDmZC,Aitc5mOnw2,6WPW5YC5cV,nV6vYZeBX5
DT54p2vmXp,Dbdzf80CSd,ln6wL8wvrn,0oKXtAwgqp,mIbcnOTK36,XjzfWw5mAY,BfAC9vcUro,rxqCQquiaD,0isj3fLqJQ,zbYPoLxKVa,g237sC1fLi,w9tGrYHumk,uXrTQ5IlYt
DE2nlp4D47,OMuW8QwK9c,xpDsivpbxd,tIfH6WaZPN,HQzvqgDhXo,uMAewPbafR,ruHcS3ROME,wfWGfngmmR,vP6VS1H9DC,N5kA8oWLNq,sj8Zo2od1i,How7kKB84Q,P0efg3DfQ6
4nmypQpeqF,EUxnw4TZoa,euRKg0xZN5,n9V275QjZv,6fCrd9rk8o,qnvAqnTRcm,5XaGBHczBR,VWQeqIIifU,4ZjwZIkhjq,3SAd8dIpad,OB6eAFZMYp,A9LQim0lm8,gIoCvWB74x
TsEXYDgUvN,YfZBzsTL29,X3z98G5oFA,sUcpzynZCd,kryORjWRPV,PuxZgEZyeo,4YzYhJGk34,kkeTkieZgu,fLbY1hQO9O,SOO6D6G7yJ,PnhM47G7zH,KsTd9tYZBM,rmIyOKFEQt
uOm79fp4Sw,sQ1xIfUjQ0,CrWyAwpbiS,f2tpWCxHn1,seulfNvoMQ,Ff8zHL3h20,3hPqGZSdET,JUasLOruaY,azBw1wSMEL,bQW5qYOSIW,4TvppXMvnt,A6V4n2gLCn,AV69xwYVDc
LbSNos2D5K,rl9V5VdUK5,gUhxvzSl9m,mTcFEPJD95,VbPhq3zjnJ,sQoybXmQ1P,PZiPpUNtcD,yk8qkJitqx,aYAR8QlGsI,pyhAKABFv8,T30WC12uDp,Enkp89cdqM,P6GWKxW1h8
IzzcLWJtUX,zt0eX9B2As,CxIhXpSYsB,KTPGI2xJsg,KntarlvbNo,h40J1DVDbJ,kN7AHCL9wj,OqOIBLtCgD,Nq1zoZksiv,SetIv6YxBv,429s4Nv6l2,yJ4ZNGZRud,3RVcCBWn2B
0tTSwR7qho,rCKRUCedm7,DnRx6t24i6,ZsZIpsSz5F,CQy3AmueVg,p34WN1koKU,qm2VU9Gi50,iw2F9edjci,r7QndLbmF7,xZQMoB5vFx,9PVPvrnY7r,Yw0P2koMTI,ImrawRbEg8
8sVTRkHfQn,WJcTMUAxCa,QqeMOU4ZKw,DlcB6pdZ1P,RIy1oKWSIy,tkarWu0EQI,uRdOMFZ21b,aPIsdoai2C,dyvuRg9zG6,zPsVx0JJHW,54jOCGN3eQ,oYxe2XCLbF,autQ97rqAN
xSXFpm7Qkp,ekxGUTfwqU,oJTgsrup84,yh56vJxk7g,By94AMBsa3,k4LdNsPCdD,lsANoij4xV,p8RvUUKJ0D,3ERlNHHaC7,ElHk9aAjQe,54F9lKdmgl,Adkd6MauSZ,MsiqEnxWFm
TGek4UfYKS,LIOQQkq0nx,EPGUDUtyaP,exvkUKtoML,0ccg4oc4jw,MnNGRzj94y,DWMCUxcwa1,kWGiQ96udp,EvlWfyz5Pw,TTZE8AiDmb,lpHAgHm8Ck,BBenN6NpUh,YfT5zmj9D3
M0m66Wu1K0,OufaRVEW83,vUQkyzHtv8,7Uu5na7QGr,zBcNkdWmot,QNLnjCqRmJ,zdZQ9ReksJ,U34FP0c9l4,zPcmCqC8PU,k8AcDx3ikk,OXoAjQHs9y,YeSJVp1SHI,vdUDAb6WbM
CPnKnVqSDE,3YccDKKZSZ,CPZ1UqNCdx,Ug0EzMJTqV,Re5cqgrE55,6XPXGlfzI3,vHz9bUkoxE,dOlNvlQ5bR,VBEQrjdA6V,9gArVlSQRE,q9tTB642vQ,JME3CQmg1K,6msxBTw6lR
OTXxqbyEPe,UrnloT0BDV,KqRC1jYV2K,HjPs25Kjrs,JlYPhlgtGa,hmmN3bTK4a,OwfMSbCeA0,tQc1nNeMme,zA4luWeHND,q1AOqoqw3J,uQyWvNW4Tw,Y4q5UDRnDS,E07fouzkZg
quMR9nUvwa,RvNU5ARaNd,GQgdfbhiLM,rhMTgGjtNc,kgT8IoPZUs,Wq58bzNiFH,Sv17XV8xEa,TgpYV1TWjZ,d6tTwyGmWq,hfLohWa56j,FV9j417eNy,P45kgYWirA,bkGa338bBc
D4OW4TObRv,pIU9iiAA5T,PLJjPTHxAh,Cn8dumIROJ,BDWTcBiABk,Tj0OYfWKyu,EyblGB0ql2,v3tBlmNsn1,q4UdoSgIFr,Us8KpcjGLD,tGsJ43w1p2,nvidkstluX,hNB7s3AMrP
I20xEGUy1c,OmERfnaq3l,nWfFdeuB8v,vw4bDxL0xT,Qq8s4vVR4f,NzbNG8X5BN,NCdwFSwOeF,A4bjQRt2WX,MOa5nU32UJ,zVogiUy5bX,syWqN1NeSF,xFpgcu4Oqn,igDfeR81f3
ujJQxXQ5mc,mZAIWqiTZv,E0jkuizapw,ryHEYBdlu6,0WgFbJ8yjo,jsRBL1QRPo,BJnvuGoDqZ,avoWp9CkDl,JmtaGz2FVm,X3DRLpLpy2,b7o8cqZ711,qcCyq6Bim1,rjtdivSFju
735QfXDte2,B1b44whBge,TiFviHNGXE,ZkVhxyPAfS,4piHsiOCHy,aYT2m0pI2X,04RruIZbVU,mOYNSbJlit,2RiO6dXOA2,dbINuxLP7j,7cic9yLWo8,ghDeF3VFOo,JxBrhf5ugK
XsE6qQK5mF,ZlCsey8sBL,QFtSixlFN0,YN8eLKUn8i,LmQ6DjuA5p,G3gNjdE701,SA1KLmHMcQ,0hONkNZUDg,S6Bp3vqsyg,P1rkyQzgP1,llueclqCCn,8fDDrEEphh,lOXNy29zDF
SYGNcvt1Lo,KIxvX9srba,V60G4SRPLg,Hw3WSJ3hUi,0RGXlsXCqV,wmgZzKLrJG,3yqHXAIX9y,89Dhc8RQOF,6IYHhAX4tu,CRDX5ObY9q,RsqrQ85SQD,BmrB7l5r1q,aVoacHLSd5
SGfm58EfCS,bOPCtHktDB,RL9SPoPHlj,LQzADWXVDI,6iNTPEC4hv,uczPXnITEF,P50YrgMb5S,D9cHRswZQi,AouV7px4Vb,dWxU53EVXN,XE0snonpD0,TxcpC160Zv,NnY4bD2fsX
Vfaw6tgQzS,RY4eJcWFkd,Z20e6bagDR,VjvuSrlP24,ZbmxezPSgz,h22dOq3BZT,SDKGxT5bL8,6NMm1UysES,xmDbai9js0,oo44pNnrYO,F3OLW5MRgD,O9wWjUDYT7,da80VMw3nB
3HDscXOrSn,Le4lvDMLOW,9F1uqGP4xq,XQYr8izfcZ,nlpaNq8nPS,v7X8w1eK6s,17Iq92QZzd,OUBxBpFR8e,PIqHz7nmNk,8lssaNIBms,OG5rZvgK4z,GEEQfOBt6K,BvJ9jGzvPX
I026d43x11,54ecscPGXF,uOM0WGS0Ua,tdmyvRitub,tb7sw5xtYY,8WkS0Q33lk,ZSBxOjeRPB,IS7o5hHbIo,egDgxPMZwq,d5PhrRn8hZ,quqeJpoUUn,6xJzNCFrnP,ivQPaimsAQ
3w7pbVfAGO,h8BdSOi61s,bcLvO2w5AD,JiixIRn63e,NybognBLNl,wO8FosR3VP,uNsXkucQsk,3Lp0GAxHFv,jfH3Xrs9db,iHoDEZsISm,j1A9nlETTN,PowzUTUhf6,mU9Lah2Jnq
wjY1Q7EJA5,gxd2SI5gfp,sFk96X5SgV,IYxrD8GpEk,SGg5w8Zc3D,xtDO3hsjKa,CSRVEwWQIJ,VxTBb0ABlV,KISBP6x8XU,HmHYzqWwrc,NzEhgNkKEB,Vvsk6yzRCz,PfPxjj2KMg
gHcnAz7g4M,PZeRHXpQua,8XF0tUvzBn,c2fBlf4Gzc,ihoHEDABZr,p6QSw3RxUw,CgRDSlN01p,jolQYlrorX,evH9YwYnqo,3hGslvZsRX,ikhhXI5VTH,UWkL6fSMxP,sgtn54jUTi
AoGNxzVsdQ,ime3Q9gIV4,5izyjPcmF0,l2wddXWHf1,tYraURMw9V,k07LpSUl0c,UixOfUXPRP,onKP6MAWwm,rHvcGH3cK9,O8QVCwoDRu,6QWnMktqcd,JmWkehQion,cOYXx3ibCz
CiSc6ZJTrA,nXw9C83Jww,3DVp02yqfW,Enxdty02pS,KMSu15RV8K,ZPWpYZYRZw,JrHPkglvJL,nKZPkGi3po,ZOMHTrDcBN,A9G33gfFiR,TG6gX89oYl,buUDXWfrKh,4sxfpvWIRH
UPgvqa7yz6,4YbehfrB6t,NOhh2qYFGU,e78EiQ2P6m,1Sfm3Tfxhy,btWA52mH5K,20YFY0nsuL,epkuQN482y,RTZIyilArQ,ZuRROtvJQx,HbuczgMgmM,ArlEfyFEtt,JbuDKz4zl7
PtqjsP8k5X,guri8oNx1k,jAPYT85xw0,CAoO1aT84C,2arP1UB2Fq,rvDO79mrwP,xhRjRQhbBJ,5h8Fm8BcdK,XFltWig8fj,h6WEjbKvx7,ZKpxmPo2de,Ixk5UCShIF,ojDdlp9CpM
vPuIPqmXOR,bACOzvajpW,rzGr39c4CT,v8vxYT6DqJ,j2m6WktaoB,5jsL7QdTEi,wUPw3NbbpD,JHKVep4AjC,k6TtsZRX8b,heNoRmaxyt,5exeoJXMi8,1DimtJc8pz,10F8vNKBoB
pzafsarn5e,sBqkBF3PD1,wBn0tWw6UB,if9lk1kR1V,nCeA3BCXp4,tuZUPQOdgn,d4GoZCFK8o,dRcqjZmrhQ,Dz1SWqshfH,RBhSoT5MTH,OA3ZofeoD9,TyqKx2UbJS,jYC4NS0qXF
ydUr0bETm7,Xx9oyxRoAj,ny6OCvNbWs,XS8vZk1KAF,Mqk7tWbcgR,B05dSYVyW4,KusIb49Lm7,TV2WZWVVEJ,lLotuhD26q,fviIL8S3st,oXJ7ph6s07,t62lYHFpQO,vosyAac6yp
SLUHKn8Nrb,Ntqvl1os39,d50aobFq6Q,nEsEV1Swrf,ZO0KrM6Iqs,7Lb3AWCWAO,nN0YU9Inpm,41fTrlo2En,MQkSKN7tYK,BNVUA0cuR5,uCLeyXcIRY,rWFmvAZdJd,aoXPhVdPFs
yxlIOX2Uer,nVOTFGBpHG,yo3osaGILF,YvQC75ci91,sHKNIStK8b,5dA5uN38ZI,ycG17RZ4ek,nnY3O49i9P,EJfV4MgYnR,drYmOZE20Y,IhmHtEDejT,BwOz0DkD4b,s9hlJeIJ5L
XjJdTumlbW,tY4ssWfd2e,EGXjA47OVH,OKOEikN0Ha,cEJWHt7zb6,qoIUOKXr5n,B2AZ7p0NLR,8jDyqrRcp1,afr69mITna,v3hjBRvFHb,YUBUgXCTfk,0YwfmuKYNI,gf9O1p6WPj
DIjN8Utk1A,4ULaJeUQxP,WnRxX64WiM,25SNw8U3Hk,0oJJjeDs6D,vJ4p0HClnM,HWAqS1QPOp,H12l0EimYp,GFnLMyJZob,xiJZHzr7CK,xtaFCSdgQo,5Gv3bO07DI,cDjoDReVBC
lFM4YrBDne,6y1GtpLqIo,HBUE65RaZN,NzkeMl97om,8zkQhxHat9,1T3GHF42W1,ign2hv1Wnd,DbFBSlTOLi,PEZXSjgUBP,Fcuu4ohscv,GNpqT1Okud,nJr5lmTSpk,7hPn7gyHlU
iUuMn9Gkth,90xLPrz7Lx,UcqhGvqxaf,tHYp5ktuLR,OFvqgYh1lh,CjRHkgNppq,RDNLhBtt8H,So1fKFxy7j,xd8ppBOfMZ,KyuGkmnwWC,rqe0hBngGN,kToXwWt23G,Ap3Sazlsqj
9F1b4RgNak,5uP5txTx0w,9mHEIF630O,3anLsCf2AC,UZ3PnNqim9,jfzsIVBpKb,mfaEVeoygf,GHYbURap4b,MWowshJ1Zy,YSF6piWq6m,FWyb4dcphn,4J3lKZbvaS,Rd3iHCzm14
PTTZ1puTD3,vSZsJYwpSA,xP5Im6295o,pTMXd5bgV3,9P51I54uNU,UVs8RW3tfX,Adr1u1Mjlw,YfLCARvtuM,fqpOHWFogm,veSYS5ZjQF,hlfSaRVoVn,ytHcCbqRlA,SOJlEgvfrs
bPj9B1aXW5,ZsfeAckydy,qJHfKRP2xj,PAshSwlQvK,t9NDtmCOi7,k8R0QI4HxS,v1rr1xNo0r,EPDGyJrkOV,sNgf5Rj8TX,jctTzy8ani,yjFH23d0fk,tHdpS98CUF,74sH1Cz9ZS
lLksiNlISY,pddDuvYCxH,LGA27MhjWo,nlmi5EYdnR,WpA6STMmHW,e59XbmfNtg,BSZWboHB6x,hkKCY3UDIf,DZKrPqEUym,mBn0MW6hLB,u1vAn88ZAr,HV0TShAO5f,NAhiCUGXPJ
5QnxS1jp5v,kAW6TN1ylD,ww46WjpwcH,QzPzhFc2j8,7n5uFWtmN6,gVxP9P6eAM,36ANix8zTz,lhPJRGifKa,3NpuX0GUIk,FvUdfatdNz,tYOqw2YJ3T,cQbjfRc1Xv,NBdX5pe2k4
ZAiXSRUMys,iYW1MUL56H,kSJof0Rmpt,0Aiy2598K6,Q7gtjpoEy8,e8vzdwWY8M,RvrkO6uRUh,IEoLIMFwh4,VagCJx08G3,HhZQxRBLXa,pLzl7fMglt,1vlSQx9kwd,IfTSXGJp90
MNbMVVy2WY,3LibVLPgLq,BZpsReXRhj,s3P7zMUH3v,SiNJ4RyTrP,SnyRFY2Q9O,BVeT8dzxVC,TqyRkgjWg9,8NKauOxwBI,lqpNjeSwvn,smsh8u50aH,aDOLdVOBQn,KuWc0M6rom
ztwt1cnIal,XnE72tJyJw,wScDDS6gKS,uMoNscvD5H,zIahsBnO5q,dU6YJvRhkV,P1Q1XLRKJv,p4fVBLW1N6,THQrIoUhmO,tMXq1g3NpU,I1d42CgGFX,uziFdINOt2,MCvBkJttTD
cuT6Rdc0aY,m44ckFQEDO,Ti9qo9fMuO,xaiDgKhyiW,qVigPwCYWk,y3hOlMShGv,BASkhhe5CA,o05lATabQZ,oRryt0OV1x,y5ca76oy3y,BCI1fQuYpQ,jwf1ASH0yV,bVrVbizCNA
cSbvLKD6hp,lkDyxS2556,Bk4jFE6vFa,NEnB8AeMHg,PfIyO5C6Sn,OPo5MJ3c9Q,LL6bTqDIFG,oMuRdwowC9,CFq8WP6WxB,W7aGrsfDyX,kybqyLXrhL,7lA1ErIXCp,sI75jcuPzU
Qj7fGhleVe,6lmZz4jz5C,vwYtj6r6PS,ia6nlWf1pF,C7Wk988Cxa,7IT8cH8HXS,uHuW2sznEt,ihOFifw0QY,8Hxo61192s,nmRfse3p9w,IWFsId3tcU,EdqtueuxiX,cidudQesrR
qxhBUeZhcg,QLuH1hTZuh,1hmTHAq9AI,7bbhyTLEct,ykhpjAnLhJ,vOFqibG4nd,4A59cR9Dk0,lyUKhEISec,PyuzP2OG7V,WrCyM6xPVL,7cfBNDYN2K,MTtw09CKUw,YczRATidqZ
pxthM3Wlpj,bAic9bWm2z,AsF4DJwMyk,IRoqQOjjTa,Zn6d5ONNqH,56oSPJHoZM,GTetSZjm3K,WmjrLqCgOz,uVVmki0qe9,WMv5vvsVhu,gzWErCV6pV,owVj6xefJn,uSPQ6nerio
rgYe6JtfFm,fDx7pruhVM,C7A3yPdwwj,QFVnthQWRi,knRfb2oAe4,NSrMjMx4Wd,dogxHLjdPU,TvAkxTmviH,uGsSC6SuWe,ImAhIqUBb6,DmHf0TpdN4,1hHgjor51p,oHhUatLCQl
zm3sKgSmOC,IepgTYHU1O,O6bgjUvJyl,ke8nKrW22X,bbDv1LtHE2,umsALltb7n,8zrGUTrwmX,l1Y4vj9yQw,T2e2uQOlNt,4vCW8CVoOX,rTbcdkfhYO,79ZyNjWL4r,Q4eyHTmy7F
B4u366CVs0,5A01jP2aYT,KayKgpYx84,qa9b5SDDjZ,aLYYmayZXI,ZCccCD5uMi,QbclGzpkmU,3YrWoFnbdn,290Epoc8xp,vweBYDvV5m,TMtKO86gEC,9ZxWnVg5HM,35WcFOIHya
Df1s2YSxcN,9QAW1xETUl,80153NBKbb,qPpbhBzMyj,BLpWYTbTEk,EoifnVWwNq,HtHWyFM5ES,6jNH3MUReD,xX8aQNOREE,v1UthleGR7,9IN5EG4gVU,WXlLHUHbHm,zZbt0ETuOW
1NLFENyHXV,4axikmoVNw,IEGVfFL8ti,RJJsoAEjfE,n8tEUEli4C,0kQITF9uze,OF7qoESWRd,WxDVN4cHXn,GL9KWP0OOa,MG70di9Xv0,UXWuDo0PaV,PDNo5FADAR,z1IPX8xB4n
lPrZnT9UHN,LdNUneE7Qk,FJlZh8bRGP,xnOwIvIPjP,p5rGqoksVO,RIeDFSMEk7,DrWrgfA8CH,RMSNGkgSzK,XVRwbDZO1g,wu8ygAFGEh,dApMZHvxm0,QfNqpy22he,KLJJf1sIj8
dYOEgGWPhM,AybBaaH93T,HWN6qfKrvX,PugMiW32if,BNTwtxOXR4,DwzHBN6ykR,VzWvx5VUb3,VjakwZNoSZ,x2B1UYYhuC,46I1nAOOJn,qoCXUIhQEQ,oUZSyBOe3l,bJN8ezvGQa
n2DuhEEopN,IgTrAJCBJi,IYEd3mYTOI,uRwXOVGtg0,XeUvBg52DN,3NEqBG9Dj1,56OyNQZaZ0,NbNKr7HSTo,EO9DHtj7y0,WUr8orqePa,mNha92iZNi,37j4HEKczn,V8VdJOponU
aJ42BwFfip,Sp8Es0fetQ,mWJH5YbcIq,WfwPWyr78v,Fs3Isc4wcG,ijZ9Eh39XP,mjBNkFgynH,uCthtJ9V1l,jjw5Nl9dcX,WgYXgwnXNz,Bbok1ht4qX,fYnxpP6ArG,gfoIsuv068
AkXL2f2R8h,v5ZBk6ZRzF,HAQ9NnFyiW,VIkh8ze6fj,eTGwmXujQs,UfoxTO5LMX,6BueBstIbe,Z9sXF2gdBB,woRRvcH8ve,4kUAbDp6gx,mUUVisfH9U,UGQUZkxA2N,fPxiGXQXZH
oObc6Pfupq,VElFmxVUog,5CPLlK1z5M,F2DJi05uaO,fYEZGYubt8,lfbQF0cXI5,DM8Tc6unbE,Y3gPtNN6nY,eLM06qKBkl,lCmjeUpNsp,hJ8FZEgiXl,mxT2iLSn9Z,mI64EEai9M
nQMeY8d9Wm,AYxVpKUzo7,YnkDng5xgU,d7ZIC9yZMH,qFGpW5GKiG,tGldopIKYw,zUd34ptZnq,2XEXZ5GDvT,870tzWcRt1,FwuWiya7X8,T7uDG7frho,qOBfrXHbiW,fc1oanjNzx
upPNGI1UaY,wewT3s9A2S,4pYi0OOl9k,VlPM6ECgNO,DNkH5pYngj,1mZKNrNpNO,XM5a3i80aY,Juzf8liLDU,Uzwoxckrdb,C90Bm1Bn8h,zZ8RWSJ8r1,P6vkbx28sc,s9QyIuIceV
r2BWjiYL1t,6z6g9vyucX,Lbke80Jlrq,hTrXDdYmvH,PLnAN6koOo,GaXOoueJFu,p8zWgUQB0D,SKZrRHvRai,INOtfMlSk4,DBWL7029eL,Z9OfMT8TQz,a8iyWBlU7M,EXiDJKITMM
UeoAVu4uvS,QmyThLwdK3,bN7Zc7j1uu,gMSdRvUBMp,dzBxfmMm97,15DMfJu6OF,CbYocuqWO8,ZQEF3FfBLD,1I8sYq7NAz,Qjm4YKclQB,rGnbZbybJr,mVuawXFgc9,zzY5aNblwf
nHQj3EMATj,vrb1lQ26S1,KvZn74PK0j,UNV5KDGlmB,9XuVM7VrC6,MyKNBtSzs4,0sKCsWlOTg,b9T4ltKgGZ,FleHepo9qq,tlTx6x2Hj3,ow0qXMTDSr,3F7RelWeXd,vLRLcdlO6W
YH5zV0rT2s,Go7aV50Lyp,bGiFvzmzlV,aGMVje7lon,iZnRtRC4Q9,gmMMY5atGE,PeLL3krqo4,rcDNQI5MVj,rNindwMwKV,Hwejm3uF2B,s4bmuM13h7,zFO8qBNpy7,8Ey7yM8pBg
BEazwYPgMF,eQUGEdtmSh,XRhHM8tf8V,d7f8F8LDMD,1twOdAgFoS,TShsRr4vLK,AUX5WqQ5xC,CAHhuTX9gc,1TutUAAH7S,aaMzTjt6RX,OGlxMaQ2I4,WFHb1y3q9J,RFeTE82dxZ
kzLldUrC8n,njc442nLum,PI5KZlQTcm,h6zdDKKp4f,uF6OIHhihk,VX53MHfsWk,wvUCuse3YG,nnRPMgZ4Gp,YZM1oP9AIw,qp6Mi4TeeJ,SZYWmAPrpz,uaI1Y7ayYW,BG6u1RovPQ
pf6Llg4qr0,V3721b6WiC,DVbqbg3q9k,7SDjBvqIZX,FiZ5MjgqY9,iUOlzBT1WW,q0lAmcpAGQ,t9DyTd1MOG,3vCi4mcyZm,ehTuN6U2yp,8gmoGxMPOz,miSjp3V34q,Ly5wJI4nGS
vypStkGuvq,fikpCa76Xs,ykwm1Qyzfo,7atXTyItAl,gIW9PyTxr5,fxEAkYgfZb,BoRjV0el9P,Bqb6Rx1DDT,x5Zkz6Xlkl,5qm83dPSLk,vSLaFt9MOY,Ow5tTml9ES,1NFv2nMu3y
MrFn8qN5rF,wDUZecCk8l,SWiesZ2SY7,nKeUT3zMB8,SbTC85EWnF,0RGMCkKVvi,0ze4YT8Ooe,wS9973t9lO,T6kvkR5rrb,tkFp3Kw82P,wYaTHu2FDJ,9ufTBG8u53,DVofBSR0RY
OIQwXXzsJI,IErpx4PsLD,TuMtMH2ILN,zsloRdrRrp,ehEOO4ulKb,95qZKVAHTN,MpdLPo4Q1R,P3OtZdt26X,trZIk6gzMJ,ZRkRPU1GaB,yfxstnzSFk,2afc3VBfax,hx7Cg1pK47
oWUYPBqKIs,cc4EmcBsCZ,929r2dbRpR,1tn0L3LP9Q,QoPBYl9oW2,AjBGziyUZg,uf4QvOreqq,22o0II3xRF,hRdxeQ5WBl,oSQ7szG8hV,aV6lWJTeGv,kLolXxJXnr,WsrqeVJvUB
BRZ1zExpFJ,y871av3X4L,WQKv4bP6Gu,NHkkJoyqvs,0XGLolAlis,9EKl1A0Lc1,pONIERGLT7,FprCvIn7if,pO88b6IMqo,b7YEZx7lE3,M22fVQ4Mhn,koNwtnEMte,Lxp3g9IxJv
QwUnsU7M60,3nYyeg5s3E,GjDICMcYly,CRvcLveqO1,Fe40MSCU1t,p5Dh7gLpXS,rC3wuug0rk,hwUaJibP4E,i5AF7nwoDu,sMHwrgaUvi,IeqqHDktfo,c5cQs1savd,csSmn7V934
MjX2KfWETT,zzcTy7zeV3,FHKHeNIZXM,tKOOyik01N,1GAbY6UNhG,rnkySWGLIy,Omko461z7j,ep52Xn2i1a,EqCINOdc1U,oAKsamgcfV,agkbGNAXfU,DmmUPC67qi,r7pvssiThl
tmG4OtmEhx,GLBLLTyolA,9qwYjsvaJH,0PWdzk8Urw,XJp24y7pxt,cgiIQrdelu,4pPkKk4Qyn,pdKxnjRrHR,ldrL7MFzgd,6EDg7v203A,mcsjOOClIM,20JNjRlcAi,A2TGMSDIBt
xwNHdn5Q8x,pjRN5mHanj,TfKgi8ouoZ,0jzu0eQphc,5irlMNTiNB,OH59C5jXS1,Fy0kOg2Ahf,tSYpAJflqH,HDrqGR9td8,jMIXXnQEOs,mUAfqqQDxF,kehKLdMTZB,9bmsERPDFX
yZk5gOIvnk,UiWAVzqVVx,mUXvOdwrLi,XhtEzrVm8W,x8ROF9Ywln,Ssh1n1QPRx,qHfIixzD2a,K9yEgWZ6Pd,d3TpdMLLDB,Y3SRoXGqY4,CqeGvcRplz,Jgt855DeXX,EHz4udj9LX
StCq4M5RQi,vkYvN6Nw8X,cxDgNXO75X,XGlsaxaHkx,8TM0aahK7m,dgoFFznWBb,YbkcAoiLAr,eG5RNk6Raq,eLRrS9ghU1,7teOWCoxXA,9HltAXGfYC,NsSwEftwhV,eSxaTrWrt2
0OJe27Vbvw,LWcAGm1RFi,QnA2RGZgcf,aOLHONsOhU,2MIKZh1uoO,B0A2w9lePF,IvdbjFnAth,bnS31EwX54,24QBmLDgJ5,mSxXajCdN9,n9b0xPo11T,dzQHaI1HNs,6TdIyHuhS9
WJAlfNCCRi,swiOq7VQIQ,vYd5O4t41d,6UlByFKr4U,SAKfEoMC3y,H12zwbBH5f,AAeh0YGHRI,CiQKU6lvFm,ZBfSrW22fK,eRDm4iZfIT,iSDgcLnX5U,Vr1R8m9obk,AnK13AXI7t
XUqeIX4fzF,ZN46p4xk4n,Y8ygITDN9M,4vdmpL2Vn8,LcAonh2xAb,GbbCkQfCN6,G0UmNAeQwT,rVUrFlL7NO,9o7VEb59Db,8rc5r3bZoX,3zw3mMKjN0,uXi4YXxZRX,kjExGvQYQ3
v9IMfpvKeJ,3nDVQl08Lk,A639nsmtcT,E96h8cccE5,mJmyRyCS46,90RZbj53BP,TIFvh1yfgv,Mvawo1IbTR,jnFwxXWtDS,vbZW7ZLnol,dxD94nZVNd,u2SYOr12jF,S6aoANfJpM
em92WOwM76,Bx1W5RtFif,ZLzCgii8JA,9eDkxvZrva,Lu9w55NgfW,pEmIUYgdiM,Dg05nKpN1X,JgDP7xG3gR,LZPkKdek42,P1oghwnphO,OvFMl8fivh,0WLjHDwK91,3aYKTcJld4
QRfAk3CpNi,RcuQn9YqpB,IBjA9rbSYQ,nKAQB0PxEj,mQXV7vqx1I,oODBmx7e4s,bI0dU6fdLt,DNNBJdfO0Q,GZJqeAT2bz,ITtp4wwlkb,4WQx6sJ10r,cX6VJj7u36,SPBZmbwe8t
19jSbom1dv,WatSuzZ4Ih,rQPRXAK49O,uoKVXjVU4A,5QtK7E75qq,Vw134Bckam,u8oROKI3BP,6SBd5EdUDy,jmbKar3N1H,R4tZY1R2yq,HdL4wXfxuO,0pvSKlFzS5,tglbHWA5bO
UeVinYEoMR,vCbi5tIjEM,Cwt8KUAmJI,Zw2rW6mYyg,hD3OF2YrgR,9VrUukb9hy,eb8q50vY7h,YMOrRX35Gt,3iQakmr2XS,zAVLRgpBoB,YmZpEc7wrZ,tIW966GnIU,IAh3bBbOXD
7NPugWNpHG,u6sQegDOsL,22T5srMiTY,ycRuRVSOMp,rN4VJVXZgz,b0HQ8KYvME,Mw7iMM0LTZ,nFMUuWD4Qr,8qx76zpg3l,x9SXMfzIhv,6tiVUUBS6P,WCAHVW6G3M,dzTbj7yy3Y
YTEph4HtcH,OV8aUhLAoC,eSfnf3gS4d,ZatK4hsIbh,A9pRr1Ga9I,SjsnT2iNUi,JTElaMMa4J,EHn4xSWK1r,CRxvoEem6Q,H1ZGl0NaM6,ZFTVjnLXaF,csYG0eJ5GH,RNMCt8cQoK
WqqdISiZwQ,5k0nZbbg7T,gj1FnCDv6r,0OrVLsJUn2,dJWmC8iSxc,YbGNl8nZzo,Lkfw5M5fuy,ONi8XScpT0,KxbVSSbFaT,relGI3BbTs,lEB5B8agG0,eXh1cX8hoR,UfKYIBs7VR
bRNflluGZN,YmUeAcRs9m,s3l9QWehct,dqSjOSe3Qk,Ggomypvlrk,tom2B8uYxb,Lh3kwc5V4r,LgxLnT9cUx,9fwXc1pYUM,U64lB05zP0,BmIAMht55l,wSW3HDpx5r,yChQUvFvsn
EPEOJNMB2V,1X2MPmzekd,ZNxntVREWH,dOA94bPBCl,OdgjCzYAlD,JK1hDCwYlP,6pDMlcMJ4f,rCvaYa0s1q,MtETaylszU,10AJOIPJ4B,388VmvLBXt,dBIODbpL2n,I80fhVP4La
AXRwGNn2aU,sn7HBkU44i,fp8EnHTE7Q,0jG6neU5mi,srJA1mWXAv,tZL54cjPti,WZaCThEwfS,ceLzcBqbgk,HnfOebJ87F,glae6gWmnP,CVl9oLfGuY,ztC5zrOvPU,UmnulZ9ron
mCEk6bKKoW,KNmf0qLLoe,0kZspzeEaE,9TQPtsujvp,nRCYJb0WLV,973bc9pIzf,x4711EjOG1,81cCPecKBw,Thpqhboyk5,g20gltEscr,cU3nsxCkt9,JE3zRENcrV,7HrNEq3Gwu
jk2vgdoCf5,giLT3M4ONZ,IlwjnaVKP9,mLYvYQvyYJ,BgG0HtVceF,168Kdf9LdW,ONa4cxt6Y0,MGeONIyZFF,a1bXwW00lZ,L7mSEvNdhd,l4Q1xvAwKo,nx3M8c5MYE,GN0wafFmO1
Ma6iBHyavB,6GLxJQcuCc,IbL40p82oM,vdAnaxqhw0,Rcghs7Ip7X,z0gAtHX5ix,F9nfynBy3t,MngXoEpeTq,CiQRqhdYoN,h8NtpiquMI,rPL4FUT43M,HowpXgFomz,iI3gEqAWoZ
FR5i1TU4UU,Sf27MZR56y,yiZRywe4ft,ZUwyex6DIB,OIKlCmSPuJ,nXRmwWNYBs,FQPNfxDs19,Xhjnb5rxt8,wM1CKsB39w,wFpUVGMSOJ,i9nVPPlbyC,lchYmp67oJ,4wlbVWDHNo
Ry2qfMJUp1,xgoYnXE1mF,yHCE5KJhsD,A2PhkBx0XC,3gsN3KVAKq,Vy8Tc5JK4U,z9tVHEMCuu,cBKftDNZtJ,UAok3i4Nah,WWi4Tc3PkM,hYjrNCXI2x,54MVyA955F,39wRZuRkxV
RnboxiCrTI,49y7c6XNXS,whM1VMpQUM,m1Ibq39XmH,qmawP3q1v2,BcbUwu9YWx,hDIpmhw8y5,oSZc76M71h,toH2MNVwwi,wxOcsnZ742,lIL3qnVk2i,kcKAFdmbmI,5oEtYtyD3a
GWjMllPd7h,IbDtSZ3Fgv,gJOInntZZv,P9UmTalR8q,kkZRp7ha5q,UXnblST7nm,Ix1Cmnq8K4,hoRtg8CXyR,j0nIWSPZVy,tEFZ1dokQb,E8gVXI4ptZ,E0c1QvHCSU,AUA1CZL3TI
LN9xDsdpdm,yK6dwlloZB,6xO3H6r0c7,0ZVAREhEs4,2QTE1R33ao,tf4l0EaVn8,LCUfOpet1w,iSXwABzLLv,ubyD40WRz2,KNAdCUwxJl,DFBPwqg1Kz,ApQD5YkCDa,sFg7G8a8rO
SJrNu0D3hd,vC94Q3Lrl8,iWNvbqHfOv,qxYPguOMiK,NpSKbWf38G,NiyFa9ixjy,lkT7KMcSdS,Nz5JYFjeSE,KnknUPPAJF,rdS9SpiSxD,ybfx8OV8tM,Wdqp8Qs3O0,xgdGV8MUJj
tjAO4OQNTB,j8K6xctOtH,uyr34x8GIj,KtRK8pmE0A,tuwcOIy0mS,r8BBnz28su,CZ1ASWOS72,ahLrMkOwdk,sSTmRgNlrR,uc0Wf8z12i,GcUXnVwojp,4RG8qe64sv,DHQIBAD3fS
SknvlHXFVK,koUa65P5SL,TB6hBYyolc,2beLZiO54E,49ayUdnEU4,4B0sOJtWZu,htMpeBhFCi,yGOekQteEc,FGeVEsYdCi,1qRdw1dUsl,NEp1ECiKLL,lNo62j0gL4,KGvRi70WRJ
Ru8BdvceaW,rKqj1S1lyY,caUjvikgzf,GIEhftvyxn,6120hQmfOk,NBA8fWJbTQ,nB4HXe9RlT,jSJu3rORRB,sCjP6uwBWI,rYu9wiJmCk,y1ylBuJXT1,xz8dmFyDsU,tHTNGVjNOf
1BlQGgpFpP,YOpjFh2m5Y,I3AiDGv0yO,4nslcObZ0T,dw1z8mob4J,hp87quoNVF,gV2cyQ9ad7,pBLc151XS1,LDkA7isgBG,R14jWSVsRL,VZhloZUj8l,4yYR0KVCej,FqvMVhw6Dj
qMaOlXAkNE,UL7xNLdQXm,ChMRDbb82S,iKPk76AJoG,iKoPWSlEB3,xAKguxki1E,XdqaivJ2oh,vUr5Aebu4h,YVE9cd3eGR,4qvGHHhgXy,xTF6sjHZiY,1Esk84fhtX,knxtuSF01v
TXvtO9F6oX,ap8mi48qOE,PuqYbURwdS,F9fohp7pUQ,pN4ztMPZY2,4Hv6bVPIrn,WNmL8RTrPk,co7lxwHJvw,RITkGPbawJ,M0uUhc3RNT,WZJ309MOUn,yyRyh9ItJp,gIhQZIQlRH
xVCPhAWPiQ,M2Vy29B1As,gMmCMpBrzw,xifxivitlI,hLluVuRwJI,gxzLW4Ksm1,Y3UyUGKFQB,UufTjqeWnL,ACxaKoPA93,XYI5B6NCRa,jeWNxxGlVL,EYrZdwvDtw,X9IKJPzF4c
DAu2FiKpZw,KNCJswOiXL,6Sdx3HESq4,BB10FtgUnM,EGvLmbdUOb,8AgBHTSxOx,XThbgjuGDQ,mLfXOYgemR,jbYzIisaVy,ddO1PReHqF,2Hygm3yrC9,AzysqZBL9v,0OqQtu76xS
Ya1dRrgbPe,1hEUQ5dNIJ,D3NNGuPb5s,BT9kWbOl9l,3kuU0JH0jQ,INPmv7EEzQ,KhRQ7hdaif,0ggZRwOjjq,8wUG22TCkH,hUckJirvOk,43srifk7uo,icWWcDjmFc,6mOieLnNju
kQa0uhlo23,KV4s6bshvj,cEScYwVWYl,F5APUHFnXr,3zpQ47W70E,bTs6BNQpVs,aTqc5wnQJs,fGBi47Liqz,5AW7wJstiW,bvddc3yeYR,FE871CJmmX,Q1JDGZ1tdd,FeSDliKDRr
XgFfvUuBtq,gmfxdJ3mdR,97TPJ32D4W,sIrue6erfW,39vbsSWVrF,54cVNZ62QJ,bc2Y8rwLEy,6A01kxAVK4,Q1RQPXokIL,RQWvXwlHF5,TmpqRE02x1,6ZrHcggcYT,0UeURmxOr5
SI48Ac7JS3,asB6WmSjMz,RLW6jQ0dPd,QQ8AT2wito,ywIde3rO2s,GKyEZCMrZ8,0GKIiInQtb,42SP5Oq84U,AWEpkygEF9,2BecPevkG9,1MeMTeXOhr,oZ8zfQpT7S,5O4SVPBlEt
ArYKEWMH7W,c1ZLLm8RWg,cEeiHczfRq,5l0Xqh6WIJ,8mKiNnMvof,Lu5TqYDdaw,hYgUmMxeMo,IGAkMgWImG,qEliy6X1X2,9VNU49J4kk,CKkapldPMh,Nql5KEfRGD,r6OlYwMa3w
HLD7RqSaV1,0dzMIQI9MG,3oafGeazgX,sFh3cKc9OI,GK4Dlv0rnG,Ntgjz5NEWo,dpgQXzcY0l,Elp9tfJgeh,qr03fN6UES,ZHT4xV8hmk,fJUllcBemq,3guqDVyZhk,klrEteqspi
5Xla0cjOPE,9oNkZJJPtW,KbSHvZ7MuP,Pp6yXYXZVj,JAiQA82l4n,H9Fk4k1vzF,1nIRNyz0vY,R1QHs5djxx,k0yG3mSToD,KzgIRmZsTv,g5QUwyfqpl,4hDnDtQtxq,htjqzyiNI3
7nc6dic0Rr,6uXo4iwxQg,OhYGoKMBRu,Rruac1iziA,WHVY9Yxx8M,mwTqyjQNx8,DeD9J1HsE2,CvehAP4rD7,mSRyZyVXpJ,hLX0ZwMA7q,Q22eSbsyJE,HOv80yRl7S,nLkc0P3DyC
DYlItRofgi,l43tbu5EYX,fhqCvmdTDF,IzWh5KnSXy,XuulKbK3Cd,SL5WUq04tf,OuJBxGf2nA,WbXQj1nm3n,o3MNgr2S8N,IhhN2P0Ylt,DlcZd2Ofc1,sYs8zEtgIg,eZ6TUHHbo8
eWalVgr3Ke,nKGgctnhjB,QdvN1t96oR,E4nHKyYEUc,cQ4WVXTboW,v4rdIl067I,s13NsmyAGY,I4rCzi0g73,kQRw1IbpLx,9Bmllm5mIq,lYSey7Wapm,mXt5hLnG5E,lvFn0v7DWe
i6PGi4ZSaM,cUkP50vw68,L08oSzSjRj,mEyawT9jkQ,0SdQPnYYB6,NHnlfvqGKQ,3QBetwiifd,BqKi5ADyc2,eaQnOREEvc,RfBUgjp2UB,wGOh6Q6XOG,dIdRVgpphG,HhlC4vMN4A
EFDT8zcnU9,wCdzDaQb1k,mSAmQHA8fV,zRY8LgCpOF,acyiSvHlnZ,uZkTgJEAt7,hlIJNZzTT2,OKD0vcdpLC,0q2QMeZf64,F63vlQdJol,c7lP4YBJru,RVMBe4LdNO,r3KSvGYR3M
3C3fQlBloA,JWozUecfAJ,iNb49dZZiR,gXn9kmb9Go,mKwy0237WX,wURcScxtNI,tyqKtToJMm,bOtExzTnTX,Zr8kXFU5I6,zt1ekQnpkU,UfdoE5CItA,ZLY7LvzbLp,RaaJxfIIXK
f1nFzexCLJ,opnTt7IUwn,6S9Dlyh8A9,owgQZcAN45,GSdQ4Xj4tA,6iZhgfPkjo,hbV1YwEkoQ,wqeAxz7VGm,Sls3oZMWzr,6t7qqenytI,XQOLgGsGFm,2vFrwkLH1I,o6wpz4l1Le
4uSKMSxfZN,8t0ENpnur9,OHgq5VQwdm,p7jdksH9QX,MzVla7hGX0,hSiNdCaTyr,0frAc8Z6Bm,XCB9zjVxkY,dR3b2wRSOz,RdCcPjysAf,eVwMxlmfzq,QfiuwfP4AA,2wGAVFFvtA
Hgp8eF9NG6,gTw4Nyta7Z,FTjIXi1SNu,rMnfCwSqZD,YgfAeDKSwx,nfstpuB7Np,1bNsSDdUlV,rkMHlz7OI7,zNJn1wPJ65,ZLq9QZLV5L,BRZiSIamqk,IJA1eXTRFp,ZQNqWCmrjS
IaFCrJnVJW,Dbf5mISMe2,6u7dTUQpaS,FgcUpbZNxd,9wXaLG8rL4,OfaGUYEINt,RtUU00q1va,Ig3RT9Q8Y1,Uk14wGwG4H,WjL3kx7HbG,I6urCbB5HY,DAVXo5Ezcj,foRfFfLRox
pkTjUPpTXD,wB33aywZJg,uwTZXuiqt1,7vpikHoikU,LkCY3XLXvy,Q9dXfWtrGt,rzsLVqzsze,QZWegtekLt,hEih5mzAQQ,Sdj6bNPu9e,aB2f1t5pF0,IjKFCvlmm6,WYAsPtvxb7
mfvR0ehNCU,ovVN1SVp5j,dxzHJrDPi6,gtmY4GH2qz,DEX60IPcLB,tE0R1INfeC,aquJy8wChf,SvjoeIHfNz,Z9dDdkPTWn,edHQCA5N6X,3LPgDwO1BN,TmcksExBCI,SJFljBVqbZ
f0k14VZomk,sB49UILDHc,6AbapJnSBq,HOjM6NFFZt,GtHmK1LB3f,5EIWeFUJWN,dCsrCwrkwc,1NmjRxxwM7,4nOL4aGBbI,ozKxz6kTdR,gnhp73PHpM,VB2QFihYpl,nMP1QZl1qt
Ua4r5Uikwb,WwreEOUorc,xPUElIYTbI,faYUnEZDLv,Gwks1u21e8,d0gByAVWq1,D1yLjbvubX,wOtrY2mkmC,udYnY9Quzl,IzroX76HyL,HHuGpSogVy,tkPVcNMog0,0LvE3QpxhB
KL8AwCE1cV,aohLYBkQmO,CmYQDEXyFf,6YtEeK8gyG,8lEYthrigV,NSSb0LKluP,ja3CaCA6LB,DiKDR0iPGU,eswEJOxJ71,dOVJWtw7B3,UQNvGkSe6O,rquaIacw4n,1BCSA1rx2S
X7krjAZOp5,aSRsOt0cW8,OARuuEIOjf,o3mpiD3qcX,vdKtSFoD8v,6z6hmkXxwY,qGJUTck9uA,a7zdhPPx6h,Sy1Pe4aZ0B,kftj1TuNvg,leW8ivsTTF,4frhGy6MFB,vObvFVJ8nI
Ff80QS2vPf,xhakUMQFnT,5KZ82zpgBx,SDpVAtVciP,HhtPtIq3Md,J0tvhatf6s,9pJ7WcEbDu,gIYWZvEGeg,iKTQhhLJaP,WU7dJ5IR6q,xdqOSq0l8d,cbjZsEIXSd,ovzw55vs78
VsNwbzQJJH,PeEfXWht6y,WIrlmqFi7H,3Czqv5uUDk,22Snq8tXTG,Id6b20M5xR,PdkAunTSXB,Qfp1Pmod1c,KP1TZIigeq,XqCQGtNAuv,2R1NdQwIZQ,q749ZDMwkE,Wbg8QrFCvR
LCvxyaD7Su,pvQHh1i8R1,vejVoibZb3,nkH3Yx3Lfq,OeIadKF1Er,WSw1GdrGJ3,uXDS7HzMvJ,xzVlJEpQWk,Ocx8biPOs2,r1RdAC6Mii,mcibbUu3fP,DgyAAgEFmH,rTZ4gaLAGj
YFsdOeALYE,fFqFVDShWG,Xj0Z0fQ2TO,InOtUt8Xky,vDesBQZiJ2,CBqgA9GXrt,lJ44yFmP2M,ouFjnqmwca,ilsoH6dQYs,5LC20nzBvN,67dB9vCTM4,G0DQJSmmeW,iGUUHEQdPj
TTcLWReZWt,DhVB6ieUmp,e8axi4HAX8,NHhni3Udi9,vj3Zn5draz,6W660k1CgZ,QlCFVkgunE,xEmbDgpfFK,ZJJFB0TuuL,yADtSmYzDG,NPCGNqC2gX,48EeGH0Wf6,zbhxXTTV8R
a3ADvQHsRO,m2MapYYOAN,w6oO2v9b8Z,uoDazrCGan,HNmdHEGoEX,znGC76bgpd,29O882krvU,che9m4QaI5,7ew8VTeEmM,aCJhTHpt3s,WDc0gM72S8,qcNfDxvwuf,l3IBZ9CWgG
QENjq88ngW,F44HvN0Td3,ZaAB60jWu4,tKKruRk9Kh,xas8jZfIUh,AdUenzOtoN,I4Fs8PAsfL,PhRK0QVK51,iMYiyQoNrs,QOhUAtqdOB,sNoeFa74v6,CcBXcYqhGG,5oQlz2C2tS
anem2VFflB,pY0D3WGtWd,3Tmh8KXOFp,Ly8GSXPIpV,zqLATWpj3r,vtDbwN1vCP,25KbXxbtkD,QK3cw20mud,gU2q6aQTzs,77qXmY4Ren,EPcfYMbxBU,Je7kMukdUC,WQImN0o6HV
mZS4vFkEzw,IXbKg0zoZJ,sE0uKwcHo8,dcqUQ49t98,2MDH22qp9q,OuGm7PCfLE,imjKHP9O65,rSNIh32het,qx9E4RMCnf,gNmxxzKtao,X3CWA0fsum,Iaf67lTnn5,ayYg7xwfmQ
D6CIjJ3KyQ,u6mvTn1f7d,mqtROXv1lK,CzZ1JwaDKs,IOF0hsWxoH,K8Icr0r8GJ,fpLk62D2ce,j3zZd2kkKK,Hhch6zAzJa,Tfo29J4x3d,IUnGLGLJKJ,SOFCN5rXx4,Tc6FvTNIZj
wkLZo2usdO,l91wX6VsKz,mkwJv1d6QW,MkrsAD3AGD,fD1G0FGc9p,ewal6gVrqk,dkKwYWcgTa,bl3SX0sKZY,MtRdghF2AJ,O1dxKB7D7W,qgplaz9ONN,J6uORBvyec,w3sQFklSTB
NaMkChl7TE,iWyfi7uawL,KYaHeiqa7H,pTOHFHauAx,HCWIuJUz54,reBe9RFdKe,kHJavPSAwc,SbIYrmCiJF,RWKCabzklk,02cDyhjNzt,rLPRYmNRaa,axCwind1TW,SvRj88emMX
r7QoPcgpEd,So6oSb8FRI,7h4NXZGVSo,buoWronroH,iqWUKgUJjz,IOch4AplHB,ey5WLRVpZV,W3p2eyW8lI,ggtjSo6tBo,J2tNFYO8Yj,FyIxYW9fAN,SQMlhxxC8y,JPUL63Uqgr
VmSbhFxfXb,f9S74Kj7VH,arnIHYLRle,y1K2Vgzyx9,GgCa2LtvvU,z8Xm1UEYw0,W5IV4DZNNX,ADo9MjzDei,GEElFCuZyj,ITHEacramI,eEKqCldtS8,9EZ9Bryyau,9HqBPikE9L
wZe3GLs8hz,hEfzcm7ipJ,VwSUwo7hki,EJMPgTa2ZK,3HVxg3Hi6r,cX4cKGk1Is,GroYwppOzF,NNyUIkGuEv,xr3JGlM2Xr,teQzmp36xQ,pWtRXuL7li,aPrVaI3QFl,wxAJSyyEQe
mw4HyAw3eq,yUI3daPZ6l,c3ly8GKY1Y,1wkxION314,6KzLsLZXwF,sZb6xuGp3J,aaYkHrcn1r,45PuHpAmyg,OGiuRHE4Kp,APdlEUSSfm,8Oa2hPtVo6,556ssMB0fr,CJJTQsXTCY
q4oXK3Nulo,VkQqvkFnZC,4cVAtr7i86,T2Xy4WFKw2,NF40bUXwSW,7CVZvbCVxD,fEGaAiYwyw,TbuYe1BKRY,P0HAhgW2jG,nXFNDR3nQP,peUToDC2SA,J4tjrLgszV,sHtwxUKgpk
fCDsXC5FSX,ZTGVE2KjP4,nyjnJLNrgF,ftxFxYxIhl,o7Gcg3qSIm,SJ2sYJcFT5,Ox5Tvm2AK2,NAckJOMAOt,lhGTvfqKa4,lkPHQaXtK6,ho0tkAkVvR,ffCbQPPiv1,Ai7lzHezww
DzN4lwaepx,Uwr7HTWWGk,l0UhM9LApy,4vJej0ZtOH,5MgrRvrUXG,lzM8CvD8ZX,nw0CdqTA9F,dxkQO2zpne,GXqMKED8X5,iw6pCeNY0F,zKcPcXnBmO,ckJubfnXIm,hcji7fEODz
wiyX5mw0QT,ceXLQN337A,mVxocEZo0e,UeLy7h9ade,BqYmYlmz22,gdoEIPteWP,OZNpwnFhvN,AjfCC9mu52,axYZ9RMAxD,Z4shfqreNb,iXhxuaXmqY,KqwtX8uRVe,IVBe6dn7Br
vKhqdfKehC,fC0LEdQlD9,tYgfJNFh1U,Qu9jVr98Se,4vI42QEbW8,mdHdZPuPpV,GhWhTAPW9y,6yTyoZc8QG,TEuSxrBokl,jpcjrfzOUq,QqGVXHYtPf,2G9nW9kFki,ZOcM8EhH8P
2hJkVE12JM,V3m12s96Hu,kkSYEN8c3Y,MxaHdKqQpq,U03AMyvlrR,pEmNMNcXbh,uvfx5aPZrL,ui9m5gALdR,bL8gd6NADU,4NSVW0e315,QsXJvcz9w2,Phb0DNLbhm,wvPFQSEjpK
t8E20z0lsu,NwZlXa6CRd,Am2Ev4uJud,r7trcCz6zs,o5IwX591yr,6O87MPS5H1,ByzyBM8cjJ,PUONyhrXWt,gsNhbrrZcV,tlpuy9w3Qi,lha1j3lL2T,hBukMKiXxa,XgxAQBZNx1
aPI4m20s7M,q7fGfUhEuw,LWMx758EPJ,PWjVrl6SgX,GKqA00mHcJ,TgfrZc6BAd,bArGxADex4,DmUK2cTvbI,0IlZIjsepH,1xSBae4WaW,FDbG3i3INJ,JjBZF0VjeF,fPmBAHxfZj
GaIaFjTa0i,MwGSGCXFBX,48LdXEWuIc,QjVjRtA44d,VhEc7JLQa7,RwK57jtw59,02ep296QAJ,V3HXSarHQz,RNJna5qCPr,iQ4NxwCoyd,4AKoa1nmqx,sW6ApRQMu9,TNJ5VqLXGn
GZ7byKRBIP,kfioangODe,Pqi5GZxBZ5,FmVsaxQNi5,vAkB8xZ1d2,WYZEgx5ZoL,TpdmL0t44V,jygk8wJhIz,nz2FRO0LkO,bS3ewVTf9Y,CH102QpnS3,eck1ViNkol,R0K9lQJII4
BeSfZAI2Pw,37xm1esK9M,NU7mtUEPOg,SLH35dHnrh,P5w4f5qet7,dWrm9OEmoE,pJCi6IzwOe,XFTiXJMa9n,EAs1sMa9GU,vGDuGmpNxg,eeAAGkSehb,pPDoQ2Oa7o,aSuFxptRjJ
sk1frd1wct,bdhLzMq9Vn,G3uSS11DG7,z4i7qvBQPB,l2JGhkthO9,FsUVVfwzPx,gHZ9fOu5mA,jn6yyV4mdS,8H6UgMzflT,MNOBKpvN2q,tW4hbk2J25,0QTxqlYs28,4XVYPThLUS
hOzE70UTze,CxK5s0f6uP,t2keQx9TKU,YOgV8JZRps,vrOtZd8rJ2,N3eb6dHcUa,1k3cJzMaVg,rZOI3dPkSS,zcqNT2gGNt,BsmpNfSzPe,BFpW28Rgcy,CMvuhcNKrd,BhhFa7k19f
yFlwCJ11qn,EIvEkXkSoS,ChqNNpHrO5,6uiojsxg9P,0ePsSvLXd7,p4aPPA1AIN,oepkxcyQQM,widQJc1nS3,H6H1Mp0BpX,WdyP76WhIw,nda4ixsLJn,yU8h8Vczb0,eNP7HxhjD3
4FCJYxhTWB,EZ1NzcMmbN,hzBuYIFbl9,aEGZJnLK7X,A7sYjrmgIb,C1zUqKWFq2,h3jXi1uvya,ggqWPS2FZ7,4gmbvGn5Wn,CPYD7u7Vgp,TrwlGDoR23,fUD8pDIMX8,fmtneiPnAM
4HnUL5ZRIL,XzxIbquW7l,r62qePEp8t,xDMP5T1AXU,tLw6D2l8Sr,gJxW2agE9c,ryE9UbvHga,4Cp2XOpSYL,Gkj2mKigrw,C0B3iGYhu6,4JlgisqYRw,acSiUt2q3Z,lTsKmY8Anz
s8OG5i6LXY,0lmbAvgytn,R2L8pUnKUG,JaJYjdEsBo,k0luaEhWz8,fjQ83f1XZS,mbpKhUmfrW,jihN3P22jF,2mxs6VZhdg,3RsIoU3PBY,Nqhe56h4Lk,2hCXUd53hv,7mi3UfUEcV
HJbprZN1hP,aFPkBuE30x,7KY1pKhpzj,eoGw6dePie,iWdFDbTIcw,JGobfvS6zc,wGiB7GS8bw,7PLyktIQKz,UU9fhXvI3z,H05GchZtkv,NXQKNjcQfd,Cflhy9SKrV,bmi6cfGtS5
yfgGpSn6ts,yFJqJUjvn2,DXXOZWQKuR,6EOPTghe3z,78qJjWFtL3,20KZQxUi8a,u4Ytb9S1li,K0cpgzGhPx,K0PwAfzxIt,7BCvBq58Wt,SXwgFiP1mH,VXgcWPuR56,P9bLEYCbw3
o5bbi1qMXs,hqDI4OTbK3,Xwu2w8f6R3,lIn4ZJclnf,SI14YdW8Kc,5hNcD19bUp,nNUaroAIPS,B343DWHDex,MAHuqfnCB7,eCsW86fsbl,ASJXjL2qsM,akMvzInkyq,weg0jcYRGI
QFCk6ZLkrU,hgMntCyDqq,OMvmUb63Cy,qvmlIvGyaP,O66JWrjBNG,eHS1VURzPz,pyZW5wymP2,wV7bLen0l9,7ZpJSjD5Q3,yvs8XsBdgi,SnU63Qo5YS,GGMQKpMTrY,nBkJEpMqUN
Vtf3obJaly,p2lTOB4EKy,iwHiyFrrQV,XijXzTbDsN,Ht48EYjoIM,LCVagdkhXj,ctKCsFgsBe,XakOo5QJeF,2xCy8U7kyW,Bt3K5Q1yhX,jWBicm6BnQ,aQKndGYeD7,A3Zs5prXBZ
XWKe5YNdSC,ecXLhwB2Ch,hrsVtEcQFA,jAZPAw04ey,cjKAzz1Cuh,3aV6jNiEga,qvFuG9N9CX,9QT4U4HcpV,2xE7FNou0e,AwBMwXwHoV,IoTreoCmTh,gjTiQqeTZO,u5xCfu7obl
saSmXkGDnY,DzcjrOaLZO,EfuqpqudwH,McuvzAkNUT,5q433qmUh1,fayRsMKRW5,uSXFSKgjhK,080wj08XAs,0axwzDkUyW,3dX1ejbicR,pw25z5bGV3,FDT533nGcf,9qz7HL6OHp
8CHLACMw9X,voclCDBTFn,fwKj7rztdk,PjXp8KRLWS,fCddcC6sZX,4cuMdtPag7,58jNkS8PWm,aOS1J4HrTJ,e5OHJIb6f5,t0XBqS5IRi,aM4fuvvuTC,V4YEA9Y9Y7,XZWZ0ongWs
GMjx0XWwHt,VPRwmBJ3Zv,rIqXpnUjEZ,Cw0DBVrYPP,loasl0f0iA,EE1Lxmc04h,HK6CMsleBN,I8p2QoL0HC,z2NX8WqHMM,RvIIZpzWCu,1UVgIPlC5m,taW3ZFrmGw,5kejsI17gg
7936oS8RnJ,ENwTJoZp55,ouXxVzCqMM,QiG36utMEI,SqhxMNT6wr,lJ6ooWf6jI,yX98HPQ0U2,pjBRjV0YW1,7JDZIFw0Fd,OqrEJIrFYv,No7gfYEGxC,oM8kC3yQzy,8AkPHncIy4
hp5SbfIQx0,KyQz7yOsER,FUFifmtDtr,mb1jiQv6nA,Ac2hxIOWh9,ksFDkU8bZc,jygRa1rXBK,8D6dkpDhcF,PUMQFka1Aa,RMOdsE59S7,oEDUUDvadJ,fCYGabqZ34,j1LXx7Ot6D
MFjUGrST9c,tzI6aiqW35,NadwRrGI43,hFt3yaxPZQ,SFFERZbFFG,xLC8hYqKg5,rIDimaWOyt,YqXiqVXNJD,x7ccSAbr5V,Huaw1hw7fk,ud9MIvFi9J,TwrkkXL8Vp,m6stuhfFCV
iBVBVRdSoi,YFeqjVhonn,srdrySSH6x,Jk3CKA2tTt,YfRiNjBKYo,ZEcuUgbjm4,26Tuuud8Os,CAMzXqJBZ2,ZnQpQlvuHh,bTCEzt1qqz,8X49BPwkiZ,znxh0Q1BEp,85EhmDy7z6
rVnUBlCtHB,WFzkHx2I1Q,V72epfg0mX,vpEvbZauHP,VVONxuRUkH,BYQJREf1pn,eIYg1xHbvM,Y5Foa4R91K,L3EzxhM1zA,ocBI3erPeS,UvKKen5sGV,BUQpuemian,JGJYHYSRRD
VNEhkAPQew,kHt0UUQfTF,YEMH2RG82S,MOkzLCmSPe,ykugepOFQS,zJUsJ5Fvof,OU2QOh1eqm,RgEkieGaV1,tcw6r8eyba,z8vzLEKitI,Yzv7ULxzrc,ywjdF0B4oo,ApdlzJXt7n
nD1Xy8I39t,XFxYJLCxWK,uXXXHO2fhL,q3D54Q5x9r,2eDxMwCDSU,gOJfBQy94x,MHqLYbbVAe,sZBE2JWLHy,ZJ44WPmKrG,ash6BPgSvM,cmRWSowKk3,jTpBM49Ehw,QTHCAC0Jjq
7QlUF8kBcb,PnjJh7g9f3,nnD5RV9B7R,FE6jaIwATF,2jMMjJMGYJ,HO7gOC6Tbe,qTR4IPUojx,NwNEAIro10,9SFMIJSThs,nJQPyWtX0e,pddUhWbYGf,U5UbFd40Zq,Bp7aqt4UON
yzYXGQoFWQ,JCBFJqYm04,JqtRexb9TP,I6ucFL830Q,It920Knj1a,E7Y6BZIMTt,eb7dfUxrjY,tgyb1WFs2I,pkWMGnleMM,2hLOsb2ae4,UeB1nUGmVO,8sa9ONXV6W,tYpmzLYTB0
pOFFtBrwJ1,mzlVYEwm7h,2bF2d8Dycz,7sfdPbwhit,AzZIv1NxP8,weM8ENd6FL,r86HrTxRIx,DX8OvxTSL6,F3PxodmhZJ,vtIN0sDPQj,91oRayIisZ,74UtI5wkv5,HKgOvstA8N
5p12ihEhBf,SmMDwXeCtN,P2RP6mTJmT,8iydPKF385,SKbuWYu4vE,4loHVwYXNu,MBDfIW5Ue1,sgxILhThxQ,8rJCNU1gkm,PmQmn61x0d,sb8UraQC5W,i1QlFwlbyl,6qv6K2NfnV
9it9U0DHaS,jI3oDwHBjF,MkEk4XU1QR,fIn8p2no45,LKSUxir5xE,mCjOpZ8TDG,Qt6o9KIRkO,quZDtrzCv3,YGDt9IgnZq,fwKVz3HrCv,ZqrI5Pbcrv,MncCJqBFPm,Ha62rMZaGC
hdq6D9ZfG8,QqDofHdvhQ,GwHIlJfxOY,Qf7IA5ZlPl,Mor36Yhj9Q,kdIBCvrP1J,14bdXYQ7LO,KCYetduN2k,9UexjCHEoY,kB80dBc4Vp,M7qka0xuxT,paOzklra4W,iu4WSi0fng
ICUPSCmD4D,rokLDY4IRJ,ZE29GGXbAo,AoQ5jcWQN3,KHM220gOSE,P1vKRclbp5,THnw5wXZSi,PFegJ56qVa,81NzKwG7B5,0fj9fimf8m,WDCYoWD5FZ,TuWXHPU9nf,3NPTh7Qtj3
BFROc8Hjau,AUlyAhndiv,szeKZT6GxC,UcOzvBgSMr,YYzuRjHwGf,FOW3Xl3qKH,vti0lW1ij1,37W9M8xcR2,vpidfaw4pd,DceVPZtKBU,gmC5y0Fa5I,FmuakyNoHd,tKI4jU68xR
RAJNJ55Zmk,yWHTi0BbTr,47eX9OlDr8,3gkqrKfMql,5EFfRFW0D6,0177oLT7xJ,Zn7vOMyg4S,FRy9l1I4O9,G6xQPUb26W,yvOjCh7PAJ,gcTzUCzoUa,z4mhsAZE5J,00bNaqU6GF
cy4vlj6eUZ,xNJTNtkk5T,DirJHs7wCR,zqf7eshoB8,LAFW85DjX3,r9NMuqtqYS,g32Ut5oPGM,Xm18iqUyrn,JoKtqS9EaM,FEqDWZt5k9,yPOI2j7u6X,Jne42eCET2,pix33bdMnB
5uGeCtdpT9,V1SxYjyMQc,HoqhXIoNFp,9TccMCRPIx,u25gDqkVtP,yfTyTJUGIU,781FYlowZV,HTI4r4rEQq,tW8FSUzJpE,vGuDAoIbyB,jnce4aSl7p,a4u1CS6o45,qsjPybXzmq
VJFvHvMlce,2AuWt3gNVI,XrrWolbMRW,IBe2t0PFg3,FXstzCpJop,Ysr9BRTXsb,gHFGRlS43r,O8ChK196MZ,54tZCZy3iy,Ha2NsDEiEw,lugBC3fsnJ,99gQttUrZL,rtsjxfDD3Y
4ARyPajcy5,AcPw46pWhh,lhETnrTDmb,8bQ7ilsLsl,rttEOHwEfn,OveeuBbpHJ,Shuzim9J7w,yLdR441WlC,gfv8jMCzFE,0e903TEgus,eWh50cGo3C,W2J82CdyzI,sfyzbkus9H
L0pLZZXClG,UWeI62kds3,eqEJ8DOLfN,OKOX3wcIE9,KWJjkReLcP,W75WgEUdN2,DzCR7KVeJf,xLafOtdYWs,Eu1NXkPzWr,FUGkPgeDSQ,nH3Q132r1o,2gzLzNHwTi,dMm5iqPhmO
xyjhuT2JQH,kd1oUdWKfC,jLXe1Exh5S,mOCQFuIqKm,pMXuwtVJvd,oTTe1v9vHP,NitpHc7GxR,HZrimWCtbQ,llPNJJ6vgS,cCgArpQcXm,TJnx5QmSCk,9FGVxohwpv,4LZplPFqr3
lPK8uSQBF2,h7QEe9jieg,2duGwr8jwG,xm32lF6qPC,1HSSqGmpt6,bOPLzQ3K93,Gz3yArBDb4,k6yj76Q0HT,mFxR18lbR0,xig8uT6smk,1Rg1SGKlWA,XQYvpVobZB,BpdyM9SCDE
PHxsi32mXZ,DEdEfUJumG,krPSUxdNeM,VfgD2UZtFI,BG0LRoMNHX,xRqSbxajlX,GTcdfGNokT,LXRYeZm2Nf,Zusuh5aclK,gNTucrFIG1,0Z2bxNENGq,wWnasjwAhv,SK1wdAdwDQ
2azxQxfJC8,m3wjXFFXi2,F11C3wPLaP,BPNKmDsp39,Qps4NwnRSW,FHJXPXxXME,j5BenCgV76,QM3Fu1Oh1Q,g6JXtAwnS5,ajJ0HgaF1c,Y2EfbwD1M8,SabrBfMF7k,F5LFSkdpj0
etEnK2A1jm,4w3x36GDTh,T7WIkFFvXs,wqHpVii19v,MIxtPjRvzH,FmS0EddloS,uNVDptb8IZ,oItIXdk74n,NOJXxrzW7O,qVtyYb5lud,2ppH5Ndrgm,9Wt1wvvC4u,I9eeAEvSQe
lTPutvY9uZ,A2CU55vxAk,FMcNjxEajH,fMdnM1rcBn,TUsBndVEC1,WgTTrVi0wx,uFkhzEBini,26AdZLt7uB,7iaBguO76F,S3k3gYMVej,RevxiDW9n9,kkgsEd2Aez,fvUMk1vFMm
pl30UImpZv,G92JgEGPYd,ytYzlKuSoq,BwK7Eh4DRX,1WbtvxNHRi,MuAZqsMezt,EHxNhIHeBE,7LOgXqxsdG,jINz6loaem,SE5qogcT69,ReKQc6h3Tb,aSx27NVUgP,fpjUqBj8lE
oVOfZUTZ4s,PXNsnksFQX,yZo41Oth9p,GNVRPN7r32,TuKoLJoSPI,p9aM0nmIWt,7LxXhGvKvU,AbSMoXA2eK,vUCoBTruFj,HcSRhXthv9,H5TbkdV0y3,HyQhe0jvtP,fV1AmYZ2iE
Gh6oykCnKo,5pULoYwfVN,MUHP2uhbTE,24Kpfjwj9W,YKrDtSoFPS,brAsiHq5zq,NaGcquUyOv,HxttVHsI3T,8LHCkeRaA1,4y395Ldxhq,ByyX7gYZ76,vUCtz3zWsI,mL8EMN5uEc
ZrNw1QRmZr,Vxube6vX4K,jU36qNUVru,kXfih014rl,ktM886JrtQ,U6MpxX8jkN,J5YnnhQqH5,VzkNyIB3vE,75CXDvbBDs,8rtkNdPjgx,8xUQWGrx02,aVNlpG6irp,Q19DvYlJ5y
4wDLBFZu9G,gnCsGsiD5X,EQJ3BsWNx6,gJcFA6pB67,EzhbcnJbHu,WVtHsaBO8m,KE8AsXtSGa,HUok7SKfvd,YRMSxQZV2D,ynKr5nnCiG,w3HbUgE7zo,vkv0aZJhIh,MULvA21RLs
weqStiul8j,C7jDghNTS8,3oIcYfb9UW,B8QrfnOxGZ,aNZCzHoo8t,MfXx1E2o1X,DeDHt5Gfpc,xrgNpfHF2S,OfnH7edVRA,guGdKI8PXJ,DozFcKNST4,8j5ery3KDn,iAZMlwZ2mo
NYFQerXr2B,IfHPCqWUbV,7XFsE5idAF,IcKCRWxD0H,HQpp23RNED,HRlOBS4R1x,okQAUvqdCV,HK2AYRxHwy,TfR4QL87Pd,s59AxPMHtf,LpdrQl0EH4,M9wVT4NnfB,9jHdLLDgUo
eLFWl52ItL,Oc5FVUTQK9,cWDLEi5rOV,C4l5oGs7Fn,c8t3gtpzvp,TiKk8MhNaN,9j9hfpOIgZ,Lx29nc4Xem,ZLpjKTbCnx,ILsRVkhMmf,i22C0MeHQo,I61YTy5iD8,5XEEeTmuOa
erQ5bUk41p,DVRlxpBBVQ,gs8MK0FSMj,36lJBN9Kgq,ND8Uf6YpYu,vezEB2I491,8GUGUKruqQ,VInkZyl5pu,5FVrMiDHCD,hwXfNLOozh,VvFjju1RCW,zcMG2PFSIM,RP8Y02ss87
DdHAo0gs6c,iEbK927o1l,5jnBFUrPXo,OpPTYU75Xn,kyIJMwlXgR,HJvQcrkoff,NLwP6IQJyS,K4XoIf2zDS,FgrjWyg0hi,UTURHAOssE,2qecCG2JeG,YYxdAq9MVj,iFhSBOArVK
LTVJf9kbao,hfWFVyntU4,62todfqHZA,D8cxspiKrR,7LTwBm5uox,iOVIr307xi,9W7OrWgFLR,n8TsfNtH9Z,IoHYJSdYP2,5g7x5v7CBz,9ZMea3u8D2,UErdwdlerg,gijz9UZjp1
zm3WmOz1mm,KSEgROAKOR,TvEI6syHNq,TAbnxnmbM5,ELx6AEX4Ij,u1AEwyDG2T,KUVJJ9SKg5,BLZb6wGmBu,HdRIEXuLe0,o4CMGrznea,16Vnc7PHDY,kbYNPwi3T3,kVwfLeK8yJ
KPs6AKRP22,3dmSp9lv3E,6KiGvUOru6,Z9zIsJpxGq,FqqOEwhhoW,wYbW0Yj66B,MVFixOuTEk,St4y8F1IXR,21NSbn1Pcu,EN563VVNaw,lE0ti5Aziw,snS80Pzmx9,9HsmwjllPY
II9SN1EiXU,do19ARv9oS,dskqIipkbf,6Q4L0DaI8f,kxFJKHPPXq,Lo1ooFV8ps,8mQPfohpbQ,5B16Rn9uNc,PKDWOSnNN6,FKMnYjv4cW,w5eT6tSblP,oxI5o3H9fk,ROKYsPtFnn
923gyR9M53,x2YFV1H3jG,rZ5LcfEbxL,0chixdgHXK,wzsWvdYvul,NF6MBehBD0,WvbbJuBfqv,zFy2HJcodQ,zFHKLYE0Ri,TRi2mbuwRj,uBvH4RWCS3,4Xs8qJdgBe,t0HRRGsUQC
LGLQYsR2YM,2UjWaFSa0P,Lm3qHtX98N,Mu4LBt4apg,BZwzYaKQZX,CRHmmNuohd,3F9SBZ2Imj,pcYqxdRdG0,EZwa5Q0F4J,whm7oWSaZ9,iNiFSEgv0N,QWTXGzRaXV,aiyX7VFFci
BVJACgXp02,CqCn6JmuVY,nyWk1emUye,iCxGmPbUvv,fxFGp0Xd9u,RIUsBmig77,H1Lk12QUkI,DD7Jg5eLsj,keJQazdOy6,FQTGFcCYHo,0wBAL8Ph4D,JwNVxuAEyU,L9Xa3fYzRx
oKnTQppX05,EZjlPw2yOq,GCoQUeGzi3,Ccz7nerPaM,sR8Q8GjbXy,VoPM9dTNWi,UG9jOD2kwW,dVnXlNRqET,KAjdHLnqnE,IS5YYey0Hg,8fq7uOXLHX,i04aYAqJMG,peDugYK4yS
obpRWyHin8,CrEXBk7B2E,W9OLK76cvg,MOvDpOo1Ua,wsCtvBEPnP,sgAIDVJ95a,LgzfpnGIyl,nMEheQYwor,JmCuyBpOR5,1NGtwntLRG,63zLovr6Fo,L6kNBgd4bc,nn5FMRoqtY
