name,name2,comma,email,pass
NPL09EG11OFPSG42,4/14/1977,Sherman,Sigler,moirajoyce@draft.com
IK7D4FL5N4KG4FPK,4/12/2025,Sibyl,Brittain,peggie8605@hotmail.com
JXY6A0F076C6T0LS,4/23/1975,Janey,Grady,dexter-obryan4455@cambodia.com
YYLH7FN6IOL2NNXJ,11/21/1985,Temple,Fortune,brandy8919@blocked.com
S3J5OIIJJXCNNNQ5,7/14/1981,Hope,Kane,jeanice_sandberg@yahoo.com
XSDLMR98N66HF3JQ,2/18/2000,Annetta,Daniel,dione-dunaway@tolerance.com
X3KEJXYE1AF0EEOE,6/7/1997,Dino,Crider,francislemons@edit.com
LZX4JSB73QYV3MBD,5/23/1974,Iesha,Saldivar,amberpayne667@up.com
2MCHCOF386QPAXFF,2/17/1998,Eddie,Littlejohn,adelaidehandy0@night.gov.rw
362S05K43SLO501C,4/23/1995,Arlena,Linn,mitzi.means02410@gmail.com
